brand_name,model,price,rating,has_5g,processor_brand,battery_capacity,fast_charging,ram_capacity,internal_memory,screen_size,refresh_rate,num_rear_cameras,num_front_cameras,os,primary_camera_rear,primary_camera_front,resolution_width,resolution_height
oneplus,OnePlus 11 5G,54999,89,TRUE,snapdragon,5000,100,12,256,6.7,120,3,1,android,50,16,1440,3216
oneplus,OnePlus Nord CE 2 Lite 5G,19989,81,TRUE,snapdragon,5000,33,6,128,6.59,120,3,1,android,64,16,1080,2412
samsung,Samsung Galaxy A14 5G,16499,75,TRUE,exynos,5000,15,4,64,6.6,90,3,1,android,50,13,1080,2408
motorola,Motorola Moto G62 5G,14999,81,TRUE,snapdragon,5000,,6,128,6.55,120,3,1,android,50,16,1080,2400
realme,Realme 10 Pro Plus,24999,82,TRUE,dimensity,5000,67,6,128,6.7,120,3,1,android,108,16,1080,2412
samsung,Samsung Galaxy F23 5G (6GB RAM + 128GB),16999,80,TRUE,snapdragon,5000,25,6,128,6.6,120,3,1,android,50,8,1080,2408
apple,Apple iPhone 14,65999,81,TRUE,bionic,3279,,6,128,6.1,60,2,1,ios,12,12,1170,2532
xiaomi,Xiaomi Redmi Note 12 Pro Plus,29999,86,TRUE,dimensity,4980,120,8,256,6.67,120,3,1,android,200,16,1080,2400
nothing,Nothing Phone 1,26749,85,TRUE,snapdragon,4500,33,8,128,6.55,120,2,1,android,50,16,1080,2400
oneplus,OnePlus Nord 2T 5G,28999,84,TRUE,dimensity,4500,80,8,128,6.43,90,3,1,android,50,32,1080,2400
realme,Realme 10 Pro,18999,82,TRUE,snapdragon,5000,33,6,128,6.72,120,2,1,android,108,16,1080,2400
oppo,Oppo A78,18999,79,TRUE,dimensity,5000,33,8,128,6.56,90,2,1,android,50,8,720,1612
xiaomi,Xiaomi Redmi Note 12 Pro 5G,24762,79,TRUE,dimensity,5000,67,6,128,6.67,120,3,1,android,50,16,1080,2400
samsung,Samsung Galaxy S23 Ultra 5G,114990,,TRUE,snapdragon,5000,45,8,256,6.8,120,4,1,android,200,12,1440,3088
apple,Apple iPhone 13,62999,79,TRUE,bionic,3240,,4,128,6.1,60,2,1,ios,12,12,1170,2532
oppo,OPPO Reno 9 Pro Plus,45999,86,TRUE,snapdragon,4700,80,16,256,6.7,120,3,1,android,50,32,1080,2412
oneplus,OnePlus 10R 5G,32999,86,TRUE,dimensity,5000,80,8,128,6.7,120,3,1,android,50,16,1080,2412
oneplus,OnePlus 11R,39999,85,TRUE,snapdragon,5000,100,8,128,6.7,120,3,1,android,50,16,1080,2412
poco,Poco X4 Pro 5G,14999,80,TRUE,snapdragon,5000,67,6,64,6.67,120,3,1,android,64,16,1080,2400
xiaomi,Xiaomi Redmi Note 12,17859,76,TRUE,snapdragon,5000,33,4,128,6.67,120,3,1,android,48,13,1080,2400
samsung,Samsung Galaxy S20 FE 5G,31239,88,TRUE,snapdragon,4500,,8,128,6.5,120,3,1,android,12,32,1080,2400
oneplus,OnePlus Nord CE 2 Lite 5G (8GB RAM + 128GB),21995,84,TRUE,snapdragon,5000,33,8,128,6.59,120,3,1,android,64,16,1080,2412
apple,Apple iPhone 14 Pro Max,129990,76,TRUE,bionic,4323,,6,128,6.7,120,3,1,ios,48,12,1290,2796
oneplus,OnePlus 11 Pro,69999,,TRUE,snapdragon,4500,100,8,128,6.7,120,3,1,android,50,16,1440,3216
realme,Realme 10 Pro (8GB RAM + 128GB),19999,84,TRUE,snapdragon,5000,33,8,128,6.72,120,2,1,android,108,16,1080,2400
poco,Poco X5 Pro,20999,81,TRUE,snapdragon,5000,67,6,128,6.67,120,3,1,android,108,16,1080,2400
apple,Apple iPhone 11,38999,73,FALSE,bionic,3110,,4,64,6.1,60,2,1,ios,12,12,828,1792
samsung,Samsung Galaxy M53 5G,23790,85,TRUE,dimensity,5000,25,6,128,6.7,120,4,1,android,108,32,1080,2400
samsung,Samsung Galaxy S21 FE 5G,39999,87,TRUE,exynos,4500,25,8,128,6.4,120,3,1,android,12,32,1080,2340
oppo,Oppo Reno 8T,29990,87,TRUE,snapdragon,5000,66,8,256,6.67,120,3,1,android,108,16,1080,2400
samsung,Samsung Galaxy S22 Ultra 5G,91999,,TRUE,snapdragon,5000,45,12,256,6.8,120,4,1,android,108,40,1440,3080
xiaomi,Xiaomi Redmi Note 12 Pro Max 5G,32999,83,TRUE,snapdragon,5200,210,6,128,6.67,120,4,1,android,108,32,1080,2460
oppo,OPPO Reno 9 5G,28499,83,TRUE,snapdragon,4500,67,8,256,6.7,120,2,1,android,64,32,1080,2412
oneplus,OnePlus Nord CE 3 5G,21999,83,TRUE,snapdragon,5000,67,6,128,6.7,120,3,1,android,108,16,1080,2412
xiaomi,Xiaomi Redmi Note 11 Pro Plus 5G,19999,83,TRUE,snapdragon,5000,67,6,128,6.67,120,3,1,android,108,16,1080,2400
motorola,Motorola Edge 20 Fusion 5G,18999,87,TRUE,dimensity,5000,30,6,128,6.67,90,3,1,android,108,32,1080,2400
realme,Realme 10 Pro Plus (8GB RAM + 256GB),27999,85,TRUE,dimensity,5000,67,8,256,6.7,120,3,1,android,108,16,1080,2412
samsung,Samsung Galaxy M33 5G,17478,81,TRUE,exynos,6000,25,6,128,6.6,120,4,1,android,50,8,1080,2400
xiaomi,Xiaomi Redmi Note 11,11936,76,FALSE,snapdragon,5000,33,4,64,6.43,90,4,1,android,50,13,1080,2400
realme,Realme C33,8950,64,FALSE,unisoc,5000,,3,32,6.5,60,2,1,android,50,5,720,1600
samsung,Samsung Galaxy A74 5G,42999,,TRUE,snapdragon,5000,33,8,128,6.7,120,4,1,android,108,32,1080,2412
samsung,Samsung Galaxy A14 5G (6GB RAM + 128GB),18999,79,TRUE,exynos,5000,15,6,128,6.6,90,3,1,android,50,13,1080,2408
iqoo,iQOO Neo 7 5G,29999,82,TRUE,dimensity,5000,120,8,128,6.78,120,3,1,android,64,16,1080,2400
motorola,Motorola Moto G82 5G,18999,83,TRUE,snapdragon,5000,30,6,128,6.6,120,3,1,android,50,16,1080,2400
realme,Realme 10,13999,74,FALSE,helio,5000,33,4,64,6.4,90,2,1,android,50,16,1080,2400
realme,Realme 9i 5G,14965,75,TRUE,dimensity,5000,18,4,64,6.6,90,3,1,android,50,8,1080,2408
apple,Apple iPhone 14 Plus,74999,82,TRUE,bionic,4325,,6,128,6.7,60,2,1,ios,12,12,1284,2778
xiaomi,Xiaomi Redmi Note 10S,10999,78,FALSE,helio,5000,33,6,64,6.43,60,4,1,android,64,13,1080,2400
samsung,Samsung Galaxy S23 Plus,84990,89,TRUE,snapdragon,4700,45,8,256,6.6,120,3,1,android,50,12,1080,2340
motorola,Motorola Moto G32,10499,75,FALSE,snapdragon,5000,33,4,64,6.55,90,3,1,android,50,16,1080,2400
xiaomi,Xiaomi Redmi Note 13 Pro 5G,17990,78,TRUE,dimensity,5000,67,6,128,6.67,120,3,1,android,108,16,1080,2460
samsung,Samsung Galaxy A23,18499,79,FALSE,snapdragon,5000,25,6,128,6.6,60,4,1,android,50,8,1080,2408
poco,Poco M4 Pro 5G (6GB RAM + 128GB),14999,81,TRUE,dimensity,5000,33,6,128,6.6,90,2,1,android,50,16,1080,2400
oneplus,OnePlus 10 Pro 5G,60999,89,TRUE,snapdragon,5000,80,8,128,6.7,120,3,1,android,50,32,1440,3216
xiaomi,Xiaomi Redmi Note 12 Pro Plus (12GB RAM + 256GB),32999,87,TRUE,dimensity,4980,120,12,256,6.67,120,3,1,android,200,16,1080,2400
samsung,Samsung Galaxy F23 5G,15999,78,TRUE,snapdragon,5000,25,4,128,6.6,120,3,1,android,50,8,1080,2408
oppo,Oppo Find N Fold,99990,,TRUE,snapdragon,5000,67,8,256,7.1,120,2,1,other,50,50,1792,1920
oppo,OPPO A17K,9499,62,FALSE,helio,5000,,3,64,6.56,60,1,1,android,8,5,720,1612
iqoo,iQOO Z6 Lite 5G,13989,75,TRUE,snapdragon,5000,18,4,64,6.58,120,2,1,android,50,8,1080,2408
oneplus,OnePlus 10T,44999,85,TRUE,snapdragon,4800,150,8,128,6.7,120,3,1,android,50,16,1080,2412
xiaomi,Xiaomi Redmi Note 10T 5G (6GB RAM +128GB),13999,79,TRUE,dimensity,5000,18,6,128,6.5,90,3,1,android,48,8,1080,2400
apple,Apple iPhone 13 Pro,119900,83,TRUE,bionic,3095,,6,128,6.1,120,3,1,ios,12,12,1170,2532
oppo,OPPO F22 Pro,27660,83,TRUE,snapdragon,4800,67,8,128,6.58,120,3,1,android,64,32,1080,2400
samsung,Samsung Galaxy A34 5G,24999,75,TRUE,exynos,5000,33,6,128,6.5,90,4,1,android,48,13,1080,2400
xiaomi,Xiaomi Redmi 10A (4GB RAM + 64GB),8388,66,FALSE,helio,5000,,4,64,6.53,60,1,1,android,13,5,720,1600
motorola,Motorola Moto G72 4G,15999,83,FALSE,helio,5000,33,6,128,6.55,120,3,1,android,108,16,1080,2400
samsung,Samsung Galaxy A14 5G (8GB RAM + 128GB),20999,82,TRUE,exynos,5000,15,8,128,6.6,90,3,1,android,50,13,1080,2408
realme,Realme 9 5G,13999,75,TRUE,dimensity,5000,18,4,64,6.5,90,3,1,android,48,16,1080,2400
samsung,Samsung Galaxy M13 5G,13999,75,TRUE,dimensity,5000,15,6,128,6.5,90,2,1,android,50,5,720,1600
motorola,Motorola Edge 30 5G,22999,83,TRUE,snapdragon,4020,33,6,128,6.5,144,3,1,android,50,32,1080,2400
samsung,Samsung Galaxy A23 5G,22999,79,TRUE,snapdragon,5000,25,6,128,6.6,120,4,1,android,50,8,1080,2408
oppo,OPPO K10 5G,16999,79,TRUE,dimensity,5000,33,8,128,6.56,90,2,1,android,48,8,720,1612
xiaomi,Xiaomi Redmi Note 11 (6GB RAM + 128GB),14290,80,FALSE,snapdragon,5000,33,6,128,6.43,90,4,1,android,50,13,1080,2400
samsung,Samsung Galaxy A73 5G,41999,,TRUE,snapdragon,5000,25,8,128,6.7,120,4,1,android,108,32,1080,2400
oneplus,OnePlus Ace Racing Edition 5G,22990,83,TRUE,dimensity,5000,,8,128,6.59,120,3,1,android,64,16,1080,2412
motorola,Motorola Moto G62 (8GB RAM + 128GB),16499,84,TRUE,snapdragon,5000,,8,128,6.55,120,3,1,android,50,16,1080,2400
realme,Realme C33 (4GB RAM + 64GB),9999,67,FALSE,unisoc,5000,,4,64,6.5,60,2,1,android,50,5,720,1600
realme,Realme 9i,12499,75,FALSE,snapdragon,5000,33,4,64,6.6,90,3,1,android,50,16,1080,2412
oppo,OPPO A17,12499,72,FALSE,helio,5000,,4,64,6.56,60,2,1,android,50,5,720,1612
iqoo,iQOO 11 5G,59999,88,TRUE,snapdragon,5000,120,8,256,6.78,144,3,1,android,50,16,1440,3200
apple,Apple iPhone 14 Pro,119990,75,TRUE,bionic,3200,,6,128,6.1,120,3,1,ios,48,12,1179,2556
xiaomi,Xiaomi Redmi Note 11 Pro Max 5G,19999,83,TRUE,snapdragon,5200,33,6,128,6.67,120,4,1,android,108,32,1080,2400
motorola,Motorola Moto S30 Pro,23990,83,TRUE,snapdragon,4400,68,8,128,6.55,144,3,1,android,50,32,1080,2460
realme,Realme 10s,12999,80,TRUE,dimensity,5000,33,8,128,6.6,90,2,1,android,50,8,1080,2408
oppo,OPPO F19 Pro Plus 5G,19990,82,TRUE,dimensity,4310,50,8,128,6.43,60,4,1,android,48,16,1080,2400
xiaomi,Xiaomi 13 Pro 5G,58990,,TRUE,snapdragon,4820,120,8,128,6.73,120,3,1,android,50.3,32,1440,3200
samsung,Samsung Galaxy S22 5G,49999,86,TRUE,snapdragon,3700,25,8,128,6.1,120,3,1,android,50,10,1080,2340
oneplus,OnePlus 10R 5G (12GB RAM + 256GB),36999,87,TRUE,dimensity,5000,80,12,256,6.7,120,3,1,android,50,16,1080,2412
apple,Apple iPhone 12,51999,74,TRUE,bionic,,,4,64,6.1,60,2,1,ios,12,12,1170,2532
xiaomi,Xiaomi Redmi K50i 5G,22999,82,TRUE,dimensity,5080,67,6,128,6.6,144,3,1,android,64,16,1080,2460
samsung,Samsung Galaxy A53 5G,31999,87,TRUE,exynos,5000,25,6,128,6.5,120,4,1,android,64,32,1080,2400
xiaomi,Xiaomi Redmi A1,6171,,FALSE,helio,5000,10,2,32,6.52,60,2,1,android,8,5,720,1600
oppo,OPPO Reno8 5G,29340,83,TRUE,dimensity,4500,80,8,128,6.43,90,3,1,android,50,32,1080,2400
samsung,Samsung Galaxy M53 5G (8GB RAM + 128GB),25289,87,TRUE,dimensity,5000,25,8,128,6.7,120,4,1,android,108,32,1080,2400
iqoo,iQOO Z6 Pro 5G,21788,78,TRUE,snapdragon,4700,66,6,128,6.44,90,3,1,android,64,16,1080,2404
samsung,Samsung Galaxy S23,70990,88,TRUE,snapdragon,3900,25,8,128,6.1,120,3,1,android,50,12,1080,2340
motorola,Motorola Edge 30 Pro 5G,34999,89,TRUE,snapdragon,4800,68,8,128,6.7,144,3,1,android,50,60,1080,2400
oneplus,OnePlus Nord 2T (12GB RAM + 256GB),33900,85,TRUE,dimensity,4500,80,12,256,6.43,90,3,1,android,50,32,1080,2400
google,Google Pixel 6A,29999,71,TRUE,google,4410,,6,128,6.14,60,2,1,android,12.2,8,1080,2400
infinix,Infinix Note 12 Pro 5G,18999,84,TRUE,dimensity,5000,33,8,128,6.7,60,3,1,android,108,16,1080,2400
samsung,Samsung Galaxy M33 5G (8GB RAM + 128GB),19499,84,TRUE,exynos,6000,25,8,128,6.6,120,4,1,android,50,8,1080,2400
motorola,Motorola Moto G42,10999,78,FALSE,snapdragon,5000,20,4,64,6.47,60,3,1,android,50,16,1080,2400
oneplus,OnePlus Nord CE 2 Lite 5G (8GB RAM + 256GB),24999,85,TRUE,snapdragon,5000,33,8,256,6.59,120,3,1,android,64,16,1080,2412
samsung,Samsung Galaxy A33 5G,25999,82,TRUE,exynos,5000,25,6,128,6.4,90,4,1,android,48,13,1080,2400
google,Google Pixel 7A,34990,69,TRUE,google,4410,,6,128,6.1,90,2,1,android,12.2,8,1080,2400
xiaomi,Xiaomi Redmi 11 Prime 5G,13466,74,TRUE,dimensity,5000,18,4,64,6.58,90,2,1,android,50,5,1080,2408
xiaomi,Xiaomi Redmi Note 10 Lite,9999,76,FALSE,snapdragon,5020,18,4,64,6.67,60,4,1,android,48,16,1080,2400
motorola,Motorola Moto E40,7999,71,FALSE,tiger,5000,,4,64,6.5,90,3,1,android,48,8,720,1600
nothing,Nothing Phone 1 (8GB RAM + 256GB),28249,86,TRUE,snapdragon,4500,33,8,256,6.55,120,2,1,android,50,16,1080,2400
poco,Poco X4 Pro 5G (6GB RAM + 128GB),16499,82,TRUE,snapdragon,5000,67,6,128,6.67,120,3,1,android,64,16,1080,2400
xiaomi,Xiaomi Redmi Note 11 Pro Plus 5G (8GB RAM + 256GB),22999,87,TRUE,snapdragon,5000,67,8,256,6.67,120,3,1,android,108,16,1080,2400
apple,Apple iPhone 11 (128GB),46999,75,FALSE,bionic,3110,,4,128,6.1,60,2,1,ios,12,12,828,1792
realme,Realme C35 (6GB RAM + 128GB),13999,74,FALSE,tiger,5000,18,6,128,6.6,90,3,1,android,50,8,1080,2408
oppo,OPPO K10,13490,78,FALSE,snapdragon,5000,33,6,128,6.59,90,3,1,android,50,16,1080,2412
iqoo,iQOO Neo 6 5G,28999,82,TRUE,snapdragon,4700,80,8,128,6.62,120,3,1,android,64,16,1080,2400
iqoo,iQOO Z6 5G,15499,78,TRUE,snapdragon,5000,18,4,128,6.58,120,3,1,android,50,16,1080,2408
oppo,OPPO Reno 9 Pro 5G,39999,86,TRUE,dimensity,4500,67,16,256,6.7,120,2,1,android,50,32,1080,2412
poco,Poco M4 Pro 5G,12999,76,TRUE,dimensity,5000,33,4,64,6.6,90,2,1,android,50,16,1080,2400
oneplus,OnePlus Clover,14999,69,FALSE,snapdragon,6000,18,4,64,6.52,60,3,1,android,13,8,720,1560
samsung,Samsung Galaxy F04,8499,68,FALSE,helio,5000,15,4,64,6.5,60,2,1,android,13,5,720,1600
iqoo,iQOO 7,24990,83,TRUE,snapdragon,4400,66,8,128,6.62,120,3,1,android,48,16,1080,2400
samsung,Samsung Galaxy M34 5G,16999,84,TRUE,exynos,6000,25,6,128,6.5,120,4,1,android,64,32,1080,2400
xiaomi,Xiaomi Redmi 10,9589,71,FALSE,snapdragon,6000,18,4,64,6.7,60,2,1,android,50,5,720,1600
apple,Apple iPhone 12 Mini,40999,74,TRUE,bionic,,,4,64,5.4,60,2,1,ios,12,12,1080,2340
xiaomi,Xiaomi Redmi Note 12 (6GB RAM + 128GB),19988,79,TRUE,snapdragon,5000,33,6,128,6.67,120,3,1,android,48,13,1080,2400
motorola,Motorola Moto G52,11999,75,FALSE,snapdragon,5000,33,4,64,6.6,90,3,1,android,50,16,2460,1080
apple,Apple iPhone 15 Pro Max,142990,79,TRUE,bionic,4352,25,8,256,6.68,120,3,1,ios,50,12,1284,2778
oppo,Oppo A98,30990,87,TRUE,snapdragon,5000,67,8,128,6.7,120,2,1,android,108,16,1080,2412
infinix,Infinix Zero 5G 2023,19499,85,TRUE,dimensity,5000,33,8,256,6.78,120,3,1,android,50,16,1080,2460
realme,Realme C30,5299,,FALSE,tiger,5000,,2,32,6.5,60,1,1,android,8,5,720,1600
oppo,OPPO F21 Pro 5G,25969,82,TRUE,snapdragon,4500,33,8,128,6.43,60,3,1,android,64,16,1080,2400
realme,Realme 11 Pro,28999,82,TRUE,snapdragon,5000,65,6,128,6.4,120,3,1,android,64,32,1080,2400
oppo,Oppo Find N2 5G,94990,,TRUE,snapdragon,4520,67,12,256,7.1,120,3,2,android,50,32,1792,1920
realme,Realme 9 4G,14999,81,FALSE,snapdragon,5000,33,6,128,6.4,90,3,1,android,108,16,1080,2400
apple,Apple iPhone 13 Pro Max,129900,84,TRUE,bionic,4352,,6,128,6.7,120,3,1,ios,12,12,1284,2778
oppo,Oppo Reno 10 Pro Plus,58990,88,TRUE,snapdragon,4700,80,12,256,6.73,120,4,1,android,64,32,1080,2412
samsung,Samsung Galaxy F13,10999,74,FALSE,exynos,6000,15,4,64,6.6,60,3,1,android,50,8,2408,1080
xiaomi,Xiaomi Redmi Note 10S (6GB RAM + 128GB),11999,79,FALSE,helio,5000,33,6,128,6.43,60,4,1,android,64,13,1080,2400
realme,Realme 10 (8GB RAM + 128GB),16999,79,FALSE,helio,5000,33,8,128,6.4,90,2,1,android,50,16,1080,2400
iqoo,iQOO 9 SE 5G,30990,83,TRUE,snapdragon,4500,66,8,128,6.62,120,3,1,android,48,16,1080,2400
infinix,Infinix Hot 20,17999,75,TRUE,dimensity,5000,18,4,64,6.6,120,2,1,android,50,8,1080,2408
xiaomi,Xiaomi Redmi Note 13 Pro Max 5G,20499,83,TRUE,snapdragon,5200,67,6,128,6.67,120,4,1,android,108,32,1080,2460
realme,Realme Narzo 50 Pro 5G,20490,81,TRUE,dimensity,5000,33,6,128,6.4,90,3,1,android,48,16,1080,2400
oppo,OPPO A74 5G,15490,77,TRUE,snapdragon,5000,18,6,128,6.5,90,3,1,android,48,8,1080,2400
apple,Apple iPhone 9,29990,61,FALSE,bionic,2050,,3,64,4.7,60,1,1,ios,12,7,750,1334
iqoo,iQOO Z6 Lite (6GB RAM + 128GB),15499,79,TRUE,snapdragon,5000,18,6,128,6.58,120,2,1,android,50,8,1080,2408
xiaomi,Xiaomi Redmi Note 11SE,11999,80,FALSE,helio,5000,33,6,64,6.43,60,4,1,android,64,13,1080,2400
realme,Realme Narzo 50,10999,74,FALSE,helio,5000,33,4,64,6.6,120,3,1,android,50,16,1080,2412
poco,POCO M4 Pro 4G,11999,77,FALSE,helio,5000,33,6,64,6.43,90,3,1,android,64,16,1080,2400
infinix,Infinix Zero Ultra,36999,89,TRUE,dimensity,4500,180,8,256,6.8,120,3,1,android,200,32,1080,2400
motorola,Motorola Moto X40,39999,89,TRUE,snapdragon,4600,125,8,128,6.7,165,3,1,android,50,60,1080,2400
samsung,Samsung Galaxy F24 5G,14999,78,TRUE,snapdragon,5000,25,4,128,6.6,120,3,1,android,50,8,1080,2408
realme,Realme 10 5G,14499,79,TRUE,dimensity,5000,33,8,128,6.6,90,3,1,android,50,8,1080,2408
oneplus,OnePlus Nord 3 5G,27999,84,TRUE,dimensity,4200,120,8,128,6.43,90,3,1,android,50,32,1080,2400
motorola,Motorola Moto G82 (8GB RAM + 128GB),20499,86,TRUE,snapdragon,5000,30,8,128,6.6,120,3,1,android,50,16,1080,2400
realme,Realme C2s,3499,63,FALSE,helio,4000,,3,32,6.1,60,2,1,android,13,5,720,1560
samsung,Samsung Galaxy M54 5G,34999,85,TRUE,snapdragon,6000,25,6,128,6.67,90,3,1,android,64,32,1080,2412
nokia,Nokia N73 5G,46999,,TRUE,snapdragon,6000,65,12,256,6.9,120,1,1,android,200,32,1400,3200
motorola,Motorola Edge 30 Fusion 5G,39999,88,TRUE,snapdragon,4400,68,8,128,6.55,144,3,1,android,50,32,1080,2400
realme,Realme C35,11828,70,FALSE,tiger,5000,18,4,64,6.6,60,3,1,android,50,8,1080,2408
oppo,OPPO Reno 8 Pro House of Dragon Edition,45999,86,TRUE,dimensity,4500,80,12,256,6.7,120,3,1,android,50,32,1080,2412
oneplus,OnePlus Nord CE 3 Lite 5G,18999,81,TRUE,snapdragon,5000,33,6,128,6.59,120,3,1,android,50,16,1080,2412
poco,Poco X4 Pro 5G (8GB RAM + 128GB),17999,84,TRUE,snapdragon,5000,67,8,128,6.67,120,3,1,android,64,16,1080,2400
samsung,Samsung Galaxy M04,8499,66,FALSE,helio,5000,15,4,64,6.5,60,2,1,android,13,5,720,1600
oppo,OPPO A77s,17999,76,FALSE,snapdragon,5000,33,8,128,6.56,90,2,1,android,50,8,720,1600
samsung,Samsung Galaxy A13,14450,75,FALSE,exynos,5000,25,4,64,6.6,60,4,1,android,50,8,1080,2408
motorola,Motorola Edge 30 Ultra,54999,,TRUE,snapdragon,4610,125,8,128,6.67,144,3,1,android,200,60,1080,2400
xiaomi,Xiaomi 13 Ultra 5G,71999,,TRUE,snapdragon,5000,120,12,256,6.6,120,4,1,android,108,32,1440,3200
motorola,Motorola Moto G52 (6GB RAM + 128GB),12999,79,FALSE,snapdragon,5000,33,6,128,6.6,90,3,1,android,50,16,2460,1080
poco,Poco M4 5G,11499,75,TRUE,dimensity,5000,18,4,64,6.58,90,2,1,android,50,8,1080,2400
nothing,Nothing Phone 1 (12GB RAM + 256GB),35999,87,TRUE,snapdragon,4500,33,12,256,6.55,120,2,1,android,50,16,1080,2400
samsung,Samsung Galaxy A54 5G,34999,76,TRUE,exynos,5000,25,6,128,6.4,120,3,1,android,50,32,1080,2400
xiaomi,Xiaomi Redmi Note 12 Pro (8GB RAM + 256GB),27994,82,TRUE,dimensity,5000,67,8,256,6.67,120,3,1,android,50,16,1080,2400
apple,Apple iPhone 14 Pro Max (256GB),139990,77,TRUE,bionic,4323,,6,256,6.7,120,3,1,ios,48,12,1290,2796
realme,Realme 9 5G (6GB RAM + 128GB),15499,79,TRUE,dimensity,5000,18,6,128,6.5,90,3,1,android,48,16,1080,2400
realme,Realme 9 Pro 5G,18999,80,TRUE,snapdragon,5000,33,6,128,6.6,120,3,1,android,64,16,1080,2412
google,Google Pixel 7 Pro 5G,81999,,TRUE,google,5000,30,12,128,6.7,120,3,1,android,50,10.8,1440,3120
samsung,Samsung Galaxy A04e,9299,65,FALSE,helio,5000,,3,32,6.5,60,2,1,android,13,5,720,1600
xiaomi,Xiaomi Redmi K60,29990,84,TRUE,snapdragon,5500,67,8,128,6.67,120,3,1,android,64,16,1440,3200
realme,Realme 9 Pro Plus 5G,25900,78,TRUE,dimensity,4500,60,6,128,6.4,90,3,1,android,50,16,1080,2400
realme,Realme 9i 5G (6GB RAM + 128GB),16999,78,TRUE,dimensity,5000,18,6,128,6.6,90,3,1,android,50,8,1080,2408
motorola,Motorola Edge 30 5G (8GB RAM + 128GB),24999,85,TRUE,snapdragon,4020,33,8,128,6.5,144,3,1,android,50,32,1080,2400
xiaomi,Xiaomi Redmi Note 11 (6GB RAM + 64GB),12188,79,FALSE,snapdragon,5000,33,6,64,6.43,90,4,1,android,50,13,1080,2400
poco,POCO C31 (4GB RAM + 64GB),7499,68,FALSE,helio,5000,,4,64,6.53,60,3,1,android,13,5,720,1600
realme,Realme Narzo 50 5G,17999,79,TRUE,dimensity,5000,33,6,128,6.6,90,3,1,android,48,16,1080,2400
realme,Realme GT Neo 3T,24999,79,TRUE,snapdragon,5000,80,6,128,6.62,120,3,1,android,64,16,1080,2400
oppo,OPPO Reno 8 Pro 5G,45999,86,TRUE,dimensity,4500,80,12,256,6.7,120,3,1,android,50,32,1080,2412
oneplus,OnePlus 10 Pro 5G (12GB RAM + 256GB),65499,,TRUE,snapdragon,5000,80,12,256,6.7,120,3,1,android,50,32,1440,3216
iqoo,iQOO 11 Pro 5G,58990,89,TRUE,snapdragon,4700,200,8,256,6.78,144,3,1,android,50,16,1440,3200
xiaomi,Xiaomi Redmi 10 Power,11999,77,FALSE,snapdragon,6000,18,8,128,6.7,60,2,1,android,50,5,720,1650
oppo,OPPO A58,18990,76,TRUE,dimensity,5000,33,6,128,6.56,90,2,1,android,50,8,720,1612
xiaomi,Xiaomi Mix Fold 2 5G,106990,,TRUE,snapdragon,4500,67,12,256,8.02,120,3,1,android,50,20,1914,2160
oppo,OPPO Reno 8 Z,26990,86,TRUE,snapdragon,4500,33,8,256,6.43,60,3,1,android,64,16,1080,2400
xiaomi,Xiaomi Redmi Note 12 Explorer,24999,89,TRUE,dimensity,4300,120,8,256,6.67,120,3,1,android,200,16,1080,2400
oppo,OPPO A57 4G (4GB RAM + 64 GB),13969,69,FALSE,helio,5000,33,4,64,6.56,60,2,1,android,13,8,720,1612
samsung,Samsung Galaxy A75 5G,44999,83,TRUE,snapdragon,5000,67,8,128,6.7,120,4,1,android,108,32,1080,2412
google,Google Pixel 7 5G,53100,86,TRUE,google,4355,30,8,128,6.3,90,2,1,android,50,10.8,1080,2400
xiaomi,Xiaomi Redmi Note 11T 5G (6GB RAM + 128GB),16999,81,TRUE,dimensity,5000,33,6,128,6.6,90,2,1,android,50,16,1080,2400
oppo,OPPO F21s Pro 4G,21899,82,FALSE,snapdragon,4500,33,8,128,6.43,90,3,1,android,64,32,1080,2400
apple,Apple iPhone 14 (256GB),75999,82,TRUE,bionic,3279,,6,256,6.1,60,2,1,ios,12,12,1170,2532
motorola,Motorola Moto G73,25999,85,TRUE,dimensity,5000,30,8,256,6.5,120,2,1,android,50,16,1080,2400
nubia,Nubia Red Magic 8 Pro 5G,46990,84,TRUE,snapdragon,6000,80,8,128,6.8,120,3,1,android,50,16,1116,2480
motorola,Motorola Moto G31,9999,75,FALSE,helio,5000,20,4,64,6.47,60,3,1,android,50,13,1080,2400
infinix,Infinix Zero 20,17999,87,FALSE,helio,4500,45,8,128,6.7,90,3,1,android,108,60,1080,2400
iqoo,iQOO Z6 5G (6GB RAM + 128GB),16940,80,TRUE,snapdragon,5000,18,6,128,6.58,120,3,1,android,50,16,1080,2408
xiaomi,Xiaomi Redmi Note 11 Pro 5G,17990,81,TRUE,snapdragon,5000,67,6,64,6.67,120,3,1,android,108,16,1080,2400
oppo,OPPO A1 Pro,20990,84,TRUE,snapdragon,4800,67,8,128,6.7,120,2,1,android,108,16,1080,2412
samsung,Samsung Galaxy S22 FE 5G,51999,79,TRUE,exynos,4200,33,8,128,6.4,120,3,1,android,12,32,1080,2400
samsung,Samsung Galaxy S22 Plus 5G,64449,87,TRUE,snapdragon,4500,45,8,128,6.6,120,3,1,android,50,10,1080,2340
motorola,Motorola Moto G23,19999,77,FALSE,helio,5000,30,4,128,6.5,90,3,1,android,50,16,720,1600
poco,Poco M4 5G (6GB RAM + 128GB),13499,79,TRUE,dimensity,5000,18,6,128,6.58,90,2,1,android,50,8,1080,2400
poco,POCO C31,6499,65,FALSE,helio,5000,,3,32,6.53,60,3,1,android,13,5,720,1600
apple,Apple iPhone XR2,71999,60,FALSE,bionic,3060,,4,64,6.1,60,2,1,ios,12,7,828,1792
samsung,Samsung Galaxy A53 (8GB RAM + 256GB),36499,89,TRUE,exynos,5000,25,8,256,6.5,120,4,1,android,64,32,1080,2400
infinix,Infinix Note 12 5G,15999,78,TRUE,dimensity,5000,33,6,64,6.7,60,3,1,android,50,16,1080,2400
oppo,OPPO Reno7 Pro 5G,31994,87,TRUE,dimensity,4500,65,12,256,6.55,90,3,1,android,50,32,1080,2400
oneplus,OnePlus Ace 2,34999,84,TRUE,snapdragon,5000,100,8,128,6.7,120,3,1,android,50,16,1080,2412
redmi,Redmi Note 11 Pro 2023,18999,81,FALSE,snapdragon,5000,67,6,128,6.67,120,4,1,android,108,16,1080,2400
nothing,Nothing Phone 2,39990,88,TRUE,snapdragon,4700,66,8,128,6.67,120,3,1,android,50,32,1080,2400
samsung,Samsung Galaxy A32 (8GB RAM + 128GB),16499,82,FALSE,helio,5000,15,8,128,6.4,90,4,1,android,64,20,1080,2400
google,Google Pixel 6 Pro,54300,89,TRUE,google,5003,30,12,128,6.71,120,3,1,android,50,11.1,1440,3120
infinix,Infinix Note 12i (2022),9999,73,FALSE,helio,5000,33,4,64,6.7,60,3,1,android,50,8,1080,2400
xiaomi,Xiaomi Redmi 11 Prime 5G (6GB RAM + 128GB),15990,77,TRUE,dimensity,5000,18,6,128,6.58,90,2,1,android,50,5,1080,2408
xiaomi,Xiaomi Redmi Note 11 Pro Plus 5G (8GB RAM + 128GB),22700,86,TRUE,snapdragon,5000,67,8,128,6.67,120,3,1,android,108,16,1080,2400
xiaomi,Xiaomi 12 Pro 5G,50990,89,TRUE,snapdragon,4600,120,8,256,6.73,120,3,1,android,50,32,1440,3200
apple,Apple iPhone 13 Mini,64900,79,TRUE,bionic,2438,,4,128,5.4,60,2,1,ios,12,12,1080,2340
realme,Realme C31 (4GB RAM + 64GB),8999,65,FALSE,tiger,5000,,4,64,6.52,60,3,1,android,13,5,720,1600
asus,Asus ROG Phone 6 Pro 5G,89999,88,TRUE,snapdragon,6000,65,18,512,6.78,165,3,1,android,50,12,1080,2448
apple,Apple iPhone 14 Mini,69990,70,FALSE,bionic,3500,,6,128,5.42,60,2,1,ios,12,12,1080,2340
xiaomi,Xiaomi Redmi Note 10T 5G,12999,75,TRUE,dimensity,5000,18,4,64,6.5,90,3,1,android,48,8,1080,2400
iqoo,iQOO Neo 7 SE 5G,24990,83,TRUE,dimensity,5000,120,8,128,6.78,120,3,1,android,64,16,1080,2400
samsung,Samsung Galaxy A23 (8GB RAM + 128GB),19990,82,FALSE,snapdragon,5000,25,8,128,6.6,60,4,1,android,50,8,1080,2408
xiaomi,Xiaomi Redmi Note 12 Pro (8GB RAM + 128GB),26999,82,TRUE,dimensity,5000,67,8,128,6.67,120,3,1,android,50,16,1080,2400
xiaomi,Xiaomi Redmi Note 12 Turbo,19999,81,TRUE,snapdragon,5000,67,8,128,6.67,120,3,1,android,50,16,1080,2400
infinix,Infinix Note 12 Pro,16900,83,FALSE,helio,5000,33,8,256,6.7,60,3,1,android,108,16,1080,2400
infinix,Infinix Hot 20 (6GB RAM+ 128GB),19999,78,TRUE,dimensity,5000,18,6,128,6.6,120,2,1,android,50,8,1080,2408
apple,Apple iPhone 14 Pro Max (1TB),182999,78,TRUE,bionic,4323,,6,1024,6.7,120,3,1,ios,48,12,1290,2796
samsung,Samsung Galaxy M13,12999,75,FALSE,exynos,6000,15,6,128,6.6,60,3,1,android,50,8,1080,2400
poco,Poco M4 Pro 5G (8GB RAM + 128GB),15999,82,TRUE,dimensity,5000,33,8,128,6.6,90,2,1,android,50,16,1080,2400
xiaomi,Xiaomi Redmi Note 10S (8GB RAM + 128GB),13999,82,FALSE,helio,5000,33,8,128,6.43,60,4,1,android,64,13,1080,2400
realme,Realme C11 2021 (4GB RAM + 64GB),7749,61,FALSE,sc9863a,5000,,4,64,6.52,60,1,1,android,8,5,720,1600
samsung,Samsung Galaxy A23 5G (8GB RAM + 128GB),24999,81,TRUE,snapdragon,5000,25,8,128,6.6,120,4,1,android,50,8,1080,2408
motorola,Motorola Edge 30 Ultra (12GB RAM + 256GB),59999,,TRUE,snapdragon,4610,125,12,256,6.67,144,3,1,android,200,60,1080,2400
oppo,OPPO F21s Pro,25895,82,TRUE,snapdragon,4500,33,8,128,6.43,60,3,1,android,64,16,1080,2400
xiaomi,Xiaomi 13 5G,46990,89,TRUE,snapdragon,4500,67,8,128,6.36,120,3,1,android,50,32,1080,2400
xiaomi,Xiaomi Redmi 10A,7499,64,FALSE,helio,5000,,3,32,6.53,60,1,1,android,13,5,720,1600
xiaomi,Xiaomi Redmi K50i (8GB RAM + 256GB),25999,85,TRUE,dimensity,5080,67,8,256,6.6,144,3,1,android,64,16,1080,2460
realme,Realme C30 (3GB RAM + 32GB),6299,60,FALSE,tiger,5000,,3,32,6.5,60,1,1,android,8,5,720,1600
motorola,Motorola Moto G51 5G,12999,77,TRUE,snapdragon,5000,,4,64,6.8,120,3,1,android,50,13,1080,2400
xiaomi,Xiaomi Redmi 10 (6GB RAM + 128GB),11999,75,FALSE,snapdragon,6000,18,6,128,6.7,60,2,1,android,50,5,720,1600
xiaomi,Xiaomi Mi 11 Lite NE 5G,21890,83,TRUE,snapdragon,4250,33,6,128,6.55,90,3,1,android,64,20,1080,2400
samsung,Samsung Galaxy Z Flip 3,69999,84,TRUE,snapdragon,3300,15,8,128,6.7,120,2,1,ios,12,10,1080,2640
apple,Apple iPhone 12 (128GB),55999,75,TRUE,bionic,,,4,128,6.1,60,2,1,ios,12,12,1170,2532
oneplus,OnePlus 10T (16GB RAM + 256GB),55999,87,TRUE,snapdragon,4800,150,16,256,6.7,120,3,1,android,50,16,1080,2412
samsung,Samsung Galaxy A13 (4GB RAM + 128GB),14999,75,FALSE,exynos,5000,25,4,128,6.6,60,4,1,android,50,8,1080,2408
oppo,OPPO Reno7 5G,25994,85,TRUE,dimensity,4500,65,8,256,6.43,90,3,1,android,64,32,1080,2400
oneplus,OnePlus 9RT 5G,42999,85,TRUE,snapdragon,4500,,8,128,6.62,120,3,1,android,50,16,1080,2400
samsung,Samsung Galaxy A53 5G (8GB RAM + 128GB),33499,89,TRUE,exynos,5000,25,8,128,6.5,120,4,1,android,64,32,1080,2400
samsung,Samsung Galaxy S22 Ultra 5G (12GB RAM + 512GB),118999,,TRUE,snapdragon,5000,45,12,512,6.8,120,4,1,android,108,40,1440,3080
motorola,Motorola Moto G71 5G,16999,80,TRUE,snapdragon,5000,33,6,128,6.4,60,3,1,android,50,16,1080,2400
samsung,Samsung Galaxy M13 5G (4GB RAM + 64GB),12944,71,TRUE,dimensity,5000,15,4,64,6.5,90,2,1,android,50,5,720,1600
poco,POCO X5 GT,29990,84,TRUE,dimensity,5000,80,8,128,6.7,144,3,1,android,64,32,1080,2400
iqoo,iQOO 11 (16GB RAM + 256GB),64999,89,TRUE,snapdragon,5000,120,16,256,6.78,144,3,1,android,50,16,1440,3200
samsung,Samsung Galaxy Z Fold 4,154998,,TRUE,snapdragon,4400,25,12,256,7.6,120,3,2,android,50,10,1812,2176
apple,Apple iPhone 14 Plus (256GB),84999,83,TRUE,bionic,4325,,6,256,6.7,60,2,1,ios,12,12,1284,2778
samsung,Samsung Galaxy A33 5G (8GB RAM + 128GB),27499,85,TRUE,exynos,5000,25,8,128,6.4,90,4,1,android,48,13,1080,2400
google,Google Pixel 6,40480,84,TRUE,google,4614,30,8,128,6.4,90,2,1,android,50,8,1080,2400
xiaomi,Xiaomi Redmi Note 10 Pro (6GB RAM + 128GB),17999,81,FALSE,snapdragon,5020,33,6,128,6.67,120,4,1,android,64,16,1080,2400
samsung,Samsung Galaxy S21 Ultra,105999,,TRUE,exynos,5000,25,12,256,6.8,120,4,1,android,108,40,1440,3200
infinix,Infinix Hot 20 Play,8999,67,FALSE,helio,6000,18,4,64,6.82,90,2,1,android,13,8,720,1640
oppo,OPPO F23 Pro,19990,82,TRUE,snapdragon,4500,33,8,128,6.5,90,3,1,android,64,32,1080,2400
iqoo,iQOO Z6 Pro 5G (8GB RAM + 128GB),23399,80,TRUE,snapdragon,4700,66,8,128,6.44,90,3,1,android,64,16,1080,2404
samsung,Samsung Galaxy A73 5G (8GB RAM + 256GB),41990,,TRUE,snapdragon,5000,25,8,256,6.7,120,4,1,android,108,32,1080,2400
realme,Realme 9 5G SE (8GB RAM + 128GB),22998,82,TRUE,snapdragon,5000,30,8,128,6.6,144,3,1,android,48,16,1080,2412
poco,Poco F4 5G,25999,82,TRUE,snapdragon,4500,67,6,128,6.67,120,3,1,android,64,20,1080,2400
infinix,Infinix Note 12,11700,74,FALSE,helio,5000,33,4,64,6.7,60,3,1,android,50,16,2400,1080
samsung,Samsung Galaxy A03 Core,6499,,FALSE,unisoc,5000,,2,32,6.5,60,1,1,android,8,5,720,1600
motorola,Motorola Moto G60,15999,84,FALSE,snapdragon,6000,20,6,128,6.78,120,3,1,android,108,32,1080,2460
oneplus,OnePlus 9 Pro,64800,89,TRUE,snapdragon,4500,65,8,128,6.7,120,4,1,android,48,16,1440,3216
xiaomi,Xiaomi Redmi Note 11S,14590,80,FALSE,helio,5000,33,6,64,6.43,90,4,1,android,108,16,1080,2400
xiaomi,Xiaomi Redmi 9 Activ,7499,68,FALSE,helio,5000,,4,64,6.53,60,2,1,android,13,5,720,1600
samsung,Samsung Galaxy A04,11999,71,FALSE,helio,5000,,4,64,6.5,60,2,1,android,50,5,720,1600
poco,POCO M4 Pro 4G (6GB RAM + 128GB),12999,79,FALSE,helio,5000,33,6,128,6.43,90,3,1,android,64,16,1080,2400
oneplus,OnePlus Nord N20 5G,20990,81,TRUE,snapdragon,4500,33,6,128,6.43,60,3,1,android,64,16,1080,2400
apple,Apple iPhone 13 (256GB),72999,79,TRUE,bionic,3240,,4,256,6.1,60,2,1,ios,12,12,1170,2532
oppo,Oppo Find X6 Pro,77990,,TRUE,snapdragon,4700,120,12,256,6.78,120,3,1,android,50,32,1080,2400
motorola,Motorola Moto G53,21999,79,TRUE,snapdragon,5000,10,4,128,6.5,120,2,1,android,50,16,720,1600
motorola,Motorola Moto G22,9499,75,FALSE,helio,5000,20,4,64,6.53,90,4,1,android,50,16,720,1600
xiaomi,Xiaomi Redmi 9i Sport,7499,66,FALSE,helio,5000,10,4,64,6.53,60,1,1,android,13,5,720,1600
xiaomi,Xiaomi Redmi K60 Pro,38999,85,TRUE,snapdragon,5000,120,8,128,6.67,120,3,1,android,54,16,1440,3200
realme,Realme C30s,7145,,FALSE,unisoc,5000,10,2,32,6.5,60,1,1,android,8,5,720,1600
oppo,OPPO A77,15499,70,FALSE,helio,5000,33,4,64,6.56,60,2,1,android,50,8,720,1600
xiaomi,Xiaomi Redmi 10A Sport,9999,69,FALSE,helio,5000,,6,128,6.53,60,1,1,android,13,5,720,1600
poco,Poco F4 (12GB RAM + 256GB),29999,86,TRUE,snapdragon,4500,67,12,256,6.67,120,3,1,android,64,20,1080,2400
realme,Realme 9 4G (8GB RAM + 128GB),15999,84,FALSE,snapdragon,5000,33,8,128,6.4,90,3,1,android,108,16,1080,2400
xiaomi,Xiaomi 12T Pro 5G,59990,89,TRUE,snapdragon,5000,120,8,128,6.67,120,3,1,android,200,20,1220,2712
iqoo,iQOO 9 5G,34990,84,TRUE,snapdragon,4350,120,8,128,6.56,120,3,1,android,48,16,1080,2376
apple,Apple iPhone 12 Mini (128GB),45999,75,TRUE,bionic,,,4,128,5.4,60,2,1,ios,12,12,1080,2340
samsung,Samsung Galaxy S24 Ultra,119990,85,TRUE,snapdragon,5100,45,12,256,6.83,144,4,1,android,200,60,1200,2860
oppo,OPPO Find N Flip,89990,88,TRUE,dimensity,4300,44,8,128,6.8,120,2,1,android,50,32,1200,2400
oneplus,OnePlus 10T (12GB RAM + 256GB),50999,87,TRUE,snapdragon,4800,150,12,256,6.7,120,3,1,android,50,16,1080,2412
samsung,Samsung Galaxy S21 FE 5G (8GB RAM + 256GB),43999,88,TRUE,exynos,4500,25,8,256,6.4,120,3,1,android,12,32,1080,2340
xiaomi,Xiaomi Redmi Note 11T 5G (8GB RAM + 128GB),18499,83,TRUE,dimensity,5000,33,8,128,6.6,90,2,1,android,50,16,1080,2400
sony,Sony Xperia Pro-I,134999,,TRUE,snapdragon,4500,30,12,512,6.5,120,3,1,android,12,8,1644,3840
poco,Poco X3,13499,80,FALSE,snapdragon,6000,33,6,64,6.67,120,4,1,android,64,20,1080,2400
samsung,Samsung Galaxy S20 FE,35489,86,FALSE,exynos,4500,25,8,128,6.5,120,3,1,android,12,32,1080,2400
google,Google Pixel 4,20120,78,FALSE,snapdragon,2800,,6,64,5.7,60,2,2,android,16,8,1080,2280
samsung,Samsung Galaxy S10 Plus,42999,81,FALSE,exynos,4100,15,8,128,6.4,60,3,2,android,16,10,1440,3040
realme,Realme 11 Pro Plus,24999,78,TRUE,dimensity,4200,66,6,128,6.4,90,3,1,android,50,16,1080,2400
oppo,OPPO F21 Pro 4G,20999,82,FALSE,snapdragon,4500,33,8,128,6.5,90,3,1,android,64,32,1080,2400
realme,Realme GT 2 5G,28994,84,TRUE,snapdragon,5000,65,8,128,6.62,120,3,1,android,50,16,1080,2400
samsung,Samsung Galaxy S21,48900,88,TRUE,exynos,4000,25,8,128,6.2,120,3,1,android,64,10,1080,2400
samsung,Samsung Galaxy A71,22494,86,FALSE,snapdragon,4500,25,8,128,6.7,60,4,1,android,64,32,1080,2400
iqoo,iQOO Z6 5G (8GB RAM + 128GB),18498,82,TRUE,snapdragon,5000,18,8,128,6.58,120,3,1,android,50,16,1080,2408
realme,Realme 9 Pro Plus 5G (8GB RAM + 128GB),22994,81,TRUE,dimensity,4500,60,8,128,6.4,90,3,1,android,50,16,1080,2400
samsung,Samsung Galaxy A04s,12990,71,FALSE,exynos,5000,15,4,64,6.5,90,3,1,android,50,5,720,1600
realme,Realme 9i (6GB RAM + 128GB),14999,78,FALSE,snapdragon,5000,33,6,128,6.6,90,3,1,android,50,16,1080,2412
realme,Realme 8 5G (8GB RAM + 128GB),18499,80,TRUE,dimensity,5000,18,8,128,6.5,90,3,1,android,48,16,1080,2400
oppo,OPPO F19,14990,78,FALSE,snapdragon,5000,33,6,128,6.4,60,3,1,android,48,16,1080,2400
oppo,OPPO Find N2 Flip,70990,88,TRUE,dimensity,4300,44,8,256,6.8,120,2,1,android,50,32,1080,2520
samsung,Samsung Galaxy M32 Prime Edition,12120,75,FALSE,helio,6000,15,4,64,6.4,90,4,1,android,64,20,1080,2400
realme,Realme 9 Pro 5G (8GB RAM + 128GB),20999,82,TRUE,snapdragon,5000,33,8,128,6.6,120,3,1,android,64,16,1080,2412
xiaomi,Xiaomi Redmi Note 10 Lite (6GB RAM + 128GB),11999,80,FALSE,snapdragon,5020,18,6,128,6.67,60,4,1,android,48,16,1080,2400
samsung,Samsung Galaxy A13 5G,17990,73,TRUE,dimensity,5000,15,4,64,6.5,90,3,1,android,50,5,720,1600
xiaomi,Xiaomi Redmi Note 11 5G,14990,77,TRUE,dimensity,5000,33,4,128,6.6,90,2,1,android,50,16,1080,2400
realme,Realme GT Neo 5,34999,83,TRUE,snapdragon,4600,240,8,128,6.7,120,3,1,android,50,16,1080,2412
apple,Apple iPhone 15 Ultra,149900,79,TRUE,bionic,4700,,8,128,6.73,120,3,1,ios,48,12,1290,2796
poco,Poco C50,6499,,FALSE,helio,5000,10,2,32,6.52,60,2,1,android,8,5,720,1600
samsung,Samsung Galaxy Note 30 Ultra 5G,104999,,TRUE,snapdragon,4500,67,12,256,6.71,120,3,1,android,200,10,1440,3214
realme,Realme 9i (4GB RAM + 128GB),13999,75,FALSE,snapdragon,5000,33,4,128,6.6,90,3,1,android,50,16,1080,2412
xiaomi,Xiaomi Redmi Note 11T 5G,16999,79,TRUE,dimensity,5000,33,6,64,6.6,90,2,1,android,50,16,1080,2400
oppo,OPPO Reno 6 Pro 5G,36760,87,TRUE,dimensity,4500,65,12,256,6.55,90,4,1,android,64,32,1080,2400
xiaomi,Xiaomi Mi 11i 5G,23499,81,TRUE,dimensity,5160,67,6,128,6.67,120,3,1,android,108,16,2400,1080
asus,Asus ROG Phone 7,75990,87,TRUE,snapdragon,6000,120,18,256,6.8,165,3,1,android,64,32,1080,2448
oppo,Oppo A77 5G,21990,76,TRUE,snapdragon,5000,33,6,128,6.56,90,2,1,android,48,8,720,1600
realme,Realme 9 5G SE,18999,80,TRUE,snapdragon,5000,30,6,128,6.6,144,3,1,android,48,16,1080,2412
samsung,Samsung Galaxy A03,7249,66,FALSE,unisoc,5000,15,3,32,6.5,60,2,1,android,48,5,720,1560
oneplus,OnePlus Nord N200,16990,75,TRUE,snapdragon,5000,18,4,64,6.49,90,3,1,android,13,16,1080,2400
xiaomi,Xiaomi Mi 11X,23890,80,TRUE,snapdragon,4520,33,6,128,6.67,120,3,1,android,48,20,1080,2400
oppo,OPPO Reno 6,26380,83,TRUE,dimensity,4300,65,8,128,6.43,90,3,1,android,64,32,1080,2400
realme,Realme X50 Pro 5G (12GB RAM + 256GB),27999,87,TRUE,snapdragon,4200,65,12,256,6.44,90,4,2,android,64,32,1080,2400
xiaomi,Xiaomi Redmi 10A (6GB RAM + 128GB),10850,70,FALSE,helio,5000,,6,128,6.53,60,1,1,android,13,5,720,1600
redmi,Redmi Note 12 Pro Speed Edition,19999,81,TRUE,snapdragon,5000,67,6,128,6.67,120,3,1,android,108,16,1080,2400
apple,Apple iPhone 14 Pro (256GB),129990,76,TRUE,bionic,3200,,6,256,6.1,120,3,1,ios,48,12,1179,2556
motorola,Motorola Moto G72,19990,81,TRUE,snapdragon,5000,33,6,128,6.5,120,3,1,android,108,16,1080,2400
motorola,Motorola Moto X30 Pro,41990,,TRUE,snapdragon,4450,125,8,128,6.67,144,3,1,android,200,60,1080,2400
xiaomi,Xiaomi 12S Ultra,69990,,TRUE,snapdragon,4860,67,8,256,6.73,120,3,1,android,50,32,1440,3200
oneplus,OnePlus 10 Pro 5G (12GB RAM + 512GB),74999,,TRUE,snapdragon,5000,80,12,512,6.7,120,3,1,android,50,32,1440,3216
oppo,OPPO A55 4G (6GB RAM + 128GB),14700,76,FALSE,helio,5000,18,6,128,6.51,60,3,1,android,50,16,720,1600
xiaomi,Xiaomi Mi 11T Pro 5G,34990,86,TRUE,snapdragon,5000,120,8,128,6.67,120,3,1,android,108,16,1080,2400
nokia,Nokia X50 5G,34999,76,TRUE,snapdragon,6000,33,6,64,6.81,60,4,1,android,108,32,1080,2400
xiaomi,Xiaomi Redmi Note 10,13990,75,FALSE,snapdragon,5000,33,4,64,6.43,60,4,1,android,48,13,1080,2400
samsung,Samsung Galaxy M32 Prime Edition (6GB RAM + 128GB),14859,79,FALSE,helio,6000,15,6,128,6.4,90,4,1,android,64,20,1080,2400
poco,Poco F5,34990,85,TRUE,snapdragon,4700,67,8,128,6.7,120,3,1,android,64,32,1080,2400
oppo,OPPO A16e,8999,65,FALSE,helio,4230,,3,32,6.52,60,1,1,android,13,5,720,1600
motorola,Motorola Moto E32,8999,71,FALSE,helio,5000,10,4,64,6.5,90,2,1,android,50,8,720,1600
xiaomi,Xiaomi Redmi Note 11S (8GB RAM + 128GB),15824,84,FALSE,helio,5000,33,8,128,6.43,90,4,1,android,108,16,1080,2400
apple,Apple iPhone SE 3 2022,43900,,TRUE,bionic,,,4,64,4.7,60,1,1,ios,12,7,750,1334
samsung,Samsung Galaxy A52 (8GB RAM + 128GB),22494,86,FALSE,snapdragon,4500,25,8,128,6.5,90,4,1,android,64,32,1080,2400
poco,Poco X3 Pro,19650,82,FALSE,snapdragon,5160,33,6,128,6.67,120,4,1,android,48,20,1080,2400
xiaomi,Xiaomi Redmi 9A,6999,61,FALSE,helio,5000,,2,32,6.53,60,1,1,android,13,5,720,1600
samsung,Samsung Galaxy A32,16499,80,FALSE,helio,5000,15,6,128,6.4,90,4,1,android,64,20,1080,2400
motorola,Motorola Moto G13,15999,75,FALSE,helio,5000,10,4,128,6.5,90,3,1,android,50,8,720,1600
asus,Asus ROG Phone 6 Batman Edition,72999,88,TRUE,dimensity,6000,65,16,256,6.78,165,3,1,android,50,12,1080,2448
xiaomi,Xiaomi Redmi Note 12 Pro Plus (6GB RAM + 128GB),26999,84,TRUE,dimensity,4980,120,6,128,6.67,120,3,1,android,200,16,1080,2400
infinix,Infinix Smart 6 HD,6999,,FALSE,helio,5000,,2,32,6.6,60,2,1,android,8,5,720,1600
apple,Apple iPhone 15 Pro,130990,75,TRUE,bionic,,,8,128,6.06,120,3,1,ios,50,12,1170,2532
realme,Realme C35 (4GB RAM + 128GB),12787,71,FALSE,tiger,5000,18,4,128,6.6,90,3,1,android,50,8,1080,2408
infinix,Infinix Hot 12,9999,72,FALSE,helio,6000,18,4,64,6.82,90,3,1,android,50,8,720,1640
samsung,Samsung Galaxy M04 (4GB RAM + 128GB),9499,68,FALSE,helio,5000,15,4,128,6.5,60,2,1,android,13,5,720,1600
redmi,Redmi 12C,7999,70,FALSE,helio,5000,,4,64,6.71,60,2,1,android,50,5,720,1650
asus,Asus ZenFone 9,63990,86,TRUE,snapdragon,4300,30,8,128,5.9,120,2,1,android,50,12,1080,2400
sony,Sony Xperia L5 5G,15990,73,FALSE,helio,4000,,4,64,6.2,60,3,1,android,13,8,720,1680
iqoo,iQOO 9 SE 5G (12GB RAM + 256GB),34949,85,TRUE,snapdragon,4500,66,12,256,6.62,120,3,1,android,48,16,1080,2400
xiaomi,Xiaomi Redmi 10 Prime,12390,74,FALSE,helio,6000,18,4,64,6.5,90,4,1,android,50,8,1080,2400
samsung,Samsung Galaxy F22,11499,73,FALSE,helio,6000,,4,64,6.4,90,4,1,android,48,13,720,1600
xiaomi,Xiaomi Mi Mix Alpha,199990,,TRUE,snapdragon,4050,40,12,512,7.92,60,3,1,android,108,16,2088,2250
oppo,OPPO Reno 10 Pro,42990,86,TRUE,dimensity,5000,120,16,256,6.73,120,2,1,android,50,32,1080,2412
nubia,Nubia Z50,34999,82,TRUE,snapdragon,5000,80,8,128,6.67,144,3,1,android,64,16,1080,2400
samsung,Samsung Galaxy F13 (4GB RAM + 128GB),11999,75,FALSE,exynos,6000,15,4,128,6.6,60,3,1,android,50,8,2408,1080
nokia,Nokia G11 Plus,10499,70,FALSE,unisoc,5000,10,4,64,6.52,90,2,1,android,50,8,720,1600
infinix,Infinix Hot 12 Play,8910,66,FALSE,tiger,6000,18,4,64,6.82,90,2,1,android,13,8,1640,720
oppo,OPPO Reno7 Z 5G,17999,84,TRUE,snapdragon,4500,33,8,128,6.43,60,3,1,android,64,16,1080,2400
xiaomi,Xiaomi Mi 11 Lite NE 5G (8GB RAM + 128GB),22999,86,TRUE,snapdragon,4250,33,8,128,6.55,90,3,1,android,64,20,1080,2400
realme,Realme Narzo 50i,6490,,FALSE,unisoc,5000,,2,32,6.5,60,1,1,android,8,5,720,1600
infinix,Infinix Zero X Pro,21990,85,TRUE,helio,4500,45,8,128,6.67,120,3,1,android,108,16,1080,2400
samsung,Samsung Galaxy M32,12364,76,FALSE,helio,6000,15,4,64,6.4,90,4,1,android,64,20,1080,2400
samsung,Samsung Galaxy A82 5G,39990,86,TRUE,snapdragon,4500,25,6,128,6.71,120,3,1,android,64,10,1440,3200
xiaomi,Xiaomi Poco F1,11999,77,FALSE,snapdragon,4000,,6,64,6.18,60,2,1,android,12,20,1080,2246
motorola,Motorola Moto E13,10499,65,FALSE,tiger,5000,10,2,64,6.5,60,1,1,android,13,5,720,1600
samsung,Samsung Galaxy F63,21999,84,TRUE,dimensity,7000,33,6,128,6.7,60,4,1,android,64,32,1080,2400
iqoo,iQOO Z6 4G (6GB RAM + 128GB),15999,80,FALSE,snapdragon,5000,44,6,128,6.44,120,3,1,android,50,16,1080,2400
sony,Sony Xperia 5 II,69990,86,TRUE,snapdragon,4000,21,8,128,6.1,120,3,1,android,12,8,1080,2520
sony,Sony Xperia 1 IV (12GB RAM + 512GB),92980,,TRUE,snapdragon,5000,30,12,512,6.5,120,4,1,android,12,12,1644,3840
nubia,Nubia Red Magic 7S Pro,60990,86,TRUE,snapdragon,5000,135,12,256,6.8,120,3,1,android,64,8,1080,2400
motorola,Motorola Moto E32s (4GB RAM + 64GB),8859,67,FALSE,helio,5000,18,4,64,6.5,90,3,1,android,16,8,720,1600
iqoo,iQOO Neo 6 5G (12GB RAM + 256GB),33749,84,TRUE,snapdragon,4700,80,12,256,6.62,120,3,1,android,64,16,1080,2400
samsung,Samsung Galaxy A15,15990,63,FALSE,exynos,5000,,6,64,6.5,60,3,1,android,48,8,720,1600
poco,POCO X4 GT 5G,24990,84,TRUE,dimensity,5080,67,8,128,6.6,144,3,1,android,64,16,1080,2460
realme,Realme Narzo 50 5G (4GB RAM + 128GB),14999,76,TRUE,dimensity,5000,33,4,128,6.6,90,3,1,android,48,16,1080,2400
xiaomi,Xiaomi Redmi 11 Prime,11600,74,FALSE,helio,5000,18,4,64,6.58,90,3,1,android,50,8,1080,2400
realme,Realme C31,8299,62,FALSE,tiger,5000,,3,32,6.52,60,3,1,android,13,5,720,1600
motorola,Motorola Moto G31 (6GB RAM+ 128GB),11999,78,FALSE,helio,5000,20,6,128,6.47,60,3,1,android,50,13,1080,2400
samsung,Samsung Galaxy Z Flip 4 5G,89999,88,TRUE,snapdragon,3700,25,8,128,6.7,120,2,1,android,12,10,1080,2640
oneplus,OnePlus 6 (8GB RAM + 128GB),27999,77,FALSE,snapdragon,3300,,8,128,6.28,60,2,1,android,20,16,1080,2280
google,Google Pixel 2 XL,15990,69,FALSE,snapdragon,3520,,4,128,6,60,1,1,android,12.2,8,1440,2880
xiaomi,Xiaomi Redmi A1 Plus,7289,60,FALSE,helio,5000,10,2,32,6.52,60,2,1,android,8,5,720,1600
realme,Realme Narzo 50 (6GB RAM + 128GB),15499,77,FALSE,helio,5000,33,6,128,6.6,120,3,1,android,50,16,1080,2412
samsung,Samsung Galaxy M32 (6GB RAM + 128GB),14490,80,FALSE,helio,6000,15,6,128,6.4,90,4,1,android,64,20,1080,2400
samsung,Samsung Galaxy F42 5G,15490,80,TRUE,dimensity,5000,15,6,128,6.6,90,3,1,android,64,8,1080,2408
realme,Realme Q5 5G,14990,78,TRUE,snapdragon,5000,60,6,128,6.6,120,3,1,android,50,16,1080,2412
poco,POCO M3 Pro 5G,15999,75,TRUE,dimensity,5000,18,4,64,6.5,90,3,1,android,48,8,1080,2400
google,Google Pixel 5,36000,82,TRUE,snapdragon,4080,18,8,128,6,90,2,1,android,16,8,1080,2340
oneplus,OnePlus 12 Pro,69999,,TRUE,snapdragon,4800,150,12,256,6.73,144,3,1,android,108,32,1440,3412
xiaomi,Xiaomi Redmi Note 12 Discovery Edition,26990,86,TRUE,dimensity,4300,210,8,256,6.67,120,3,1,android,200,16,1080,2400
samsung,Samsung Galaxy M13 (4GB RAM + 64GB),10630,71,FALSE,exynos,6000,15,4,64,6.6,60,3,1,android,50,8,1080,2400
oppo,Oppo Reno 8 Pro (8GB RAM + 256GB),42990,85,TRUE,dimensity,4500,80,8,256,6.7,120,3,1,android,50,32,1080,2412
iqoo,iQOO Z6 4G,14489,77,FALSE,snapdragon,5000,44,4,128,6.44,120,3,1,android,50,16,1080,2400
oppo,OPPO A76,16490,73,FALSE,snapdragon,5000,33,6,128,6.56,90,2,1,android,13,8,720,1612
realme,Realme 9 Pro Plus 5G (8GB RAM + 256GB),24494,82,TRUE,dimensity,4500,60,8,256,6.4,90,3,1,android,50,16,1080,2400
motorola,Motorola Moto Edge S30 5G,23990,85,TRUE,snapdragon,5000,33,6,128,6.8,144,3,1,android,108,16,1080,2460
realme,Realme GT 2 Pro 5G,49959,89,TRUE,snapdragon,5000,65,8,128,6.7,120,3,1,android,50,32,1440,3216
apple,Apple iPhone 13 Pro (256GB),129900,83,TRUE,bionic,3095,,6,256,6.1,120,3,1,ios,12,12,1170,2532
samsung,Samsung Galaxy F14,14990,67,FALSE,exynos,5000,25,4,64,6.62,60,3,1,android,50,16,2408,1080
xiaomi,Xiaomi Redmi Note 9 Pro,13999,75,FALSE,snapdragon,5020,18,4,64,6.67,60,4,1,android,48,16,1080,2400
oneplus,OnePlus 10R Prime Edition,35389,85,TRUE,dimensity,5000,80,8,128,6.7,120,3,1,android,50,16,1080,2412
google,Google Pixel 6 Pro (12GB RAM + 256GB),79700,,TRUE,google,5003,30,12,256,6.71,120,3,1,android,50,11.1,1440,3120
nokia,Nokia C31,9499,62,FALSE,unisoc,5050,10,3,32,6.74,60,3,1,android,13,5,720,1600
infinix,Infinix Hot 12 Pro (8GB RAM+ 128GB),12340,76,FALSE,tiger,5000,18,8,128,6.6,90,2,1,android,50,8,720,1612
poco,Poco M5,10799,74,FALSE,helio,5000,18,4,64,6.58,90,3,1,android,50,8,1080,2400
xiaomi,Xiaomi Redmi 10C (4GB RAM + 128GB),14990,73,FALSE,snapdragon,6000,18,4,128,6.7,60,2,1,android,50,5,720,1600
xiaomi,Xiaomi 12 Pro 5G (12GB RAM + 256GB),51880,,TRUE,snapdragon,4600,120,12,256,6.73,120,3,1,android,50,32,1440,3200
oppo,OPPO K10 (8GB RAM + 128GB),16990,80,FALSE,snapdragon,5000,33,8,128,6.59,90,3,1,android,50,16,1080,2412
samsung,Samsung Galaxy S22 5G (8GB RAM + 256GB),57999,87,TRUE,snapdragon,3700,25,8,256,6.1,120,3,1,android,50,10,1080,2340
lenovo,Lenovo Legion Y90,46990,87,TRUE,snapdragon,5600,68,12,256,6.92,144,2,1,android,64,16,1080,2460
nokia,Nokia X100 5G,17990,82,TRUE,snapdragon,4470,18,6,128,6.67,60,4,1,android,48,16,1080,2400
realme,Realme 8s 5G (8GB RAM + 128GB),17499,82,TRUE,dimensity,5000,33,8,128,6.5,90,3,1,android,64,16,1080,2400
realme,Realme 8s 5G,17999,80,TRUE,dimensity,5000,33,6,128,6.5,90,3,1,android,64,16,1080,2400
nokia,Nokia X60 Pro 5G,49990,,TRUE,snapdragon,6000,44,8,128,6.51,144,4,1,android,200,32,1080,2408
poco,Poco X5,14999,74,TRUE,snapdragon,5000,33,4,128,6.67,120,3,1,android,48,8,1080,2400
xiaomi,Xiaomi Redmi Note 10 Pro Max (6GB RAM + 128GB),19980,82,FALSE,snapdragon,5020,33,6,128,6.67,120,4,1,android,108,16,1080,2400
iqoo,iQOO 7 (12GB RAM + 256GB),35990,85,TRUE,snapdragon,4400,66,12,256,6.62,120,3,1,android,48,16,1080,2400
realme,Realme 8,15999,78,FALSE,helio,5000,30,4,128,6.4,60,4,1,android,64,16,1080,2400
samsung,Samsung Galaxy S20,41999,88,FALSE,exynos,4000,25,8,128,6.2,120,3,1,android,64,10,1440,3200
xiaomi,Xiaomi Redmi K60E,25999,83,TRUE,dimensity,5500,67,8,128,6.67,120,3,1,android,48,20,1440,3200
motorola,Motorola Moto E32s,7990,65,FALSE,helio,5000,18,3,32,6.5,90,3,1,android,16,8,720,1600
oneplus,OnePlus Nord 3T 5G,29990,84,TRUE,dimensity,4500,80,8,128,6.43,90,3,1,android,50,32,1080,2400
oppo,OPPO F23 Pro Plus 5G,27990,83,TRUE,snapdragon,4500,65,8,128,6.43,90,4,1,android,50,16,1080,2460
poco,Poco F5 Pro,29999,84,TRUE,snapdragon,5500,67,8,128,6.67,120,3,1,android,64,16,1440,3200
oppo,OPPO A16e (4GB RAM + 64GB),8999,68,FALSE,helio,4230,,4,64,6.52,60,1,1,android,13,5,720,1600
poco,POCO M4 Pro 4G (8GB RAM + 128GB),13999,81,FALSE,helio,5000,33,8,128,6.43,90,3,1,android,64,16,1080,2400
realme,Realme Narzo 50A,11499,71,FALSE,helio,6000,18,4,64,6.5,60,3,1,android,50,8,720,1600
asus,Asus ROG Phone 5s 5G,39999,87,TRUE,snapdragon,6000,65,8,128,6.78,144,3,1,android,64,24,1080,2448
realme,Realme GT Master Edition 5G,27999,84,TRUE,snapdragon,4300,65,8,128,6.43,120,3,1,android,64,32,1080,2400
samsung,Samsung Galaxy A32 5G,24499,79,TRUE,dimensity,5000,15,6,128,6.5,90,4,1,android,48,13,720,1600
nubia,Nubia Red Magic 8 Pro Plus,60999,86,TRUE,snapdragon,5000,165,12,256,6.8,120,3,1,android,50,16,1116,2480
samsung,Samsung Galaxy Z Fold 3,110999,89,TRUE,snapdragon,4400,25,12,256,7.6,120,3,2,android,12,10,1768,2208
xiaomi,Xiaomi Redmi Note 9 Pro Max,16490,80,FALSE,snapdragon,5020,33,6,64,6.67,60,4,1,android,64,32,1080,2400
samsung,Samsung Galaxy A52,24990,83,FALSE,snapdragon,4500,25,6,128,6.5,90,4,1,android,64,32,1080,2400
samsung,Samsung Galaxy A04e (3GB RAM + 64GB),9950,66,FALSE,helio,5000,,3,64,6.5,60,2,1,android,13,5,720,1600
oppo,Oppo A56s,12999,75,TRUE,dimensity,5000,,8,128,6.56,60,2,1,android,13,8,720,1612
oppo,Oppo Reno 8T 4G,19999,83,FALSE,helio,5000,66,8,256,6.67,120,3,1,android,50,16,1080,2400
oppo,OPPO Reno 10,32999,84,TRUE,snapdragon,5000,120,8,256,6.73,120,3,1,android,50,32,1080,2412
nokia,Nokia G60,28498,81,TRUE,snapdragon,4500,20,6,128,6.58,120,3,1,android,50,8,1080,2400
oppo,OPPO A77 (4GB RAM + 128 GB),15998,71,FALSE,helio,5000,33,4,128,6.56,60,2,1,android,50,8,720,1600
motorola,Motorola Edge 40 Pro 5G,59990,89,TRUE,snapdragon,4800,125,8,128,6.7,165,3,1,android,50,60,1080,2460
oppo,Oppo K10x 5G,16990,78,TRUE,snapdragon,5000,67,6,128,6.59,120,3,1,android,64,16,1080,2412
iqoo,iQOO Z6 Pro 5G (12GB RAM + 256GB),27999,82,TRUE,snapdragon,4700,66,12,256,6.44,90,3,1,android,64,16,1080,2404
nokia,Nokia G21 (6GB RAM + 128GB),13499,75,FALSE,unisoc,5050,18,6,128,6.5,90,3,1,android,50,8,720,1600
samsung,Samsung Galaxy A13 (6GB RAM + 128GB),16499,78,FALSE,exynos,5000,25,6,128,6.6,60,4,1,android,50,8,1080,2408
oppo,OPPO A16K (4GB RAM + 64GB),10999,66,FALSE,helio,4230,,4,64,6.52,60,1,1,android,13,5,720,1600
xiaomi,Xiaomi Redmi 10C,13990,71,FALSE,snapdragon,6000,18,4,64,6.7,60,2,1,android,50,5,720,1600
realme,Realme GT Neo 3 5G,31994,83,TRUE,dimensity,5000,80,8,128,6.7,120,3,1,android,50,16,1080,2412
xiaomi,Xiaomi 11i HyperCharge 5G,24820,83,TRUE,dimensity,4500,120,6,128,6.67,120,3,1,android,108,16,2400,1080
iqoo,iQOO Neo 6 SE 5G,22990,83,TRUE,snapdragon,4700,80,8,128,6.62,120,3,1,android,64,16,1080,2400
iqoo,iQOO 9 Pro 5G,59990,88,TRUE,snapdragon,4700,120,8,256,6.78,120,3,1,android,50,16,1440,3200
realme,Realme Narzo 50i (4GB RAM + 64GB),8999,62,FALSE,unisoc,5000,,4,64,6.5,60,1,1,android,8,5,720,1600
xiaomi,Xiaomi Redmi 9 Activ (6GB RAM + 128GB),10499,72,FALSE,helio,5000,,6,128,6.53,60,2,1,android,13,5,720,1600
xiaomi,Xiaomi Redmi Note 8 2021,9990,75,FALSE,helio,4000,18,4,64,6.3,60,4,1,android,48,13,1080,2340
xiaomi,Xiaomi Redmi Note 10 5G,12490,76,TRUE,dimensity,5000,18,4,128,6.5,90,3,1,android,48,8,1080,2400
samsung,Samsung Galaxy A22 5G,17990,79,TRUE,dimensity,5000,15,6,128,6.6,90,3,1,android,48,8,1080,2408
realme,Realme 7 Pro (8GB RAM + 128GB),21999,85,FALSE,snapdragon,4500,65,8,128,6.4,60,4,1,android,64,32,1080,2400
oneplus,OnePlus Nord Lite,19999,77,FALSE,snapdragon,4300,30,8,128,6.55,90,3,1,android,48,16,1080,2400
samsung,Samsung Galaxy S20 Ultra 5G,99999,,TRUE,exynos,5000,45,12,128,6.9,60,4,1,android,108,40,1440,3200
apple,Apple iPhone 11 Pro Max,109900,77,FALSE,bionic,3500,18,4,64,6.5,60,3,1,ios,12,12,1242,2688
apple,Apple iPhone 7s,52990,,FALSE,fusion,2230,,3,32,4.7,60,1,1,ios,13,7,750,1334
sony,Sony Xperia Ace IV,19990,80,FALSE,snapdragon,5000,33,8,128,6.5,120,2,1,android,50,16,1080,2400
samsung,Samsung Galaxy A04e (4GB RAM + 128GB),11499,69,FALSE,helio,5000,,4,128,6.5,60,2,1,android,13,5,720,1600
xiaomi,Xiaomi Redmi Note 12 4G,13999,75,FALSE,helio,5000,33,4,64,6.67,120,3,1,android,48,13,1080,2400
poco,Poco F4 5G (8GB RAM + 128GB),27999,85,TRUE,snapdragon,4500,67,8,128,6.67,120,3,1,android,64,20,1080,2400
xiaomi,Xiaomi Redmi Note 11T Pro 5G,19990,82,TRUE,dimensity,5080,67,6,128,6.6,144,3,1,android,64,16,1080,2460
realme,Realme Narzo 50 Pro 5G (8GB RAM + 128GB),22999,83,TRUE,dimensity,5000,33,8,128,6.4,90,3,1,android,48,16,1080,2400
xiaomi,Xiaomi Redmi Note 11S (6GB RAM + 128GB),15499,81,FALSE,helio,5000,33,6,128,6.43,90,4,1,android,108,16,1080,2400
realme,Realme 8i (6GB RAM + 128GB),13999,77,FALSE,helio,5000,18,6,128,6.6,120,3,1,android,50,16,1080,2412
oppo,OPPO A55 4G,13499,73,FALSE,helio,5000,18,4,64,6.51,60,3,1,android,50,16,720,1600
poco,POCO M3 Pro 5G (6GB RAM + 128GB),14799,79,TRUE,dimensity,5000,18,6,128,6.5,90,3,1,android,48,8,1080,2400
realme,Realme C21Y,6999,62,FALSE,unisoc,5000,,3,32,6.5,60,3,1,android,13,5,720,1600
oppo,OPPO A16,11999,69,FALSE,helio,5000,,4,64,6.52,60,3,1,android,13,8,720,1600
apple,Apple iPhone 12 Pro (512GB),139900,80,TRUE,bionic,,,6,512,6.1,60,3,1,ios,12,12,1170,2532
sony,Sony Xperia 1 II,69999,89,TRUE,snapdragon,4000,21,8,256,6.5,60,4,1,android,12,8,1644,3840
motorola,Motorola Edge Plus,57999,89,TRUE,snapdragon,5000,18,12,256,6.7,90,3,1,android,108,25,1080,2340
samsung,Samsung Galaxy Note 20,86000,87,FALSE,exynos,4300,25,8,256,6.7,60,3,1,android,64,10,1080,2400
samsung,Samsung Galaxy A12,11999,71,FALSE,helio,5000,15,4,64,6.5,60,4,1,android,48,8,720,1560
xiaomi,Xiaomi Redmi Note 12 Pro 4G,14999,77,FALSE,snapdragon,5000,67,6,128,6.67,120,3,1,android,50,16,1080,2400
realme,Realme GT Neo 3T (8GB RAM + 128GB),26499,81,TRUE,snapdragon,5000,80,8,128,6.62,120,3,1,android,64,16,1080,2400
realme,Realme C30s (4GB RAM + 64GB),8990,62,FALSE,unisoc,5000,10,4,64,6.5,60,1,1,android,8,5,720,1600
apple,Apple iPhone 14 (512GB),95999,82,TRUE,bionic,3279,,6,512,6.1,60,2,1,ios,12,12,1170,2532
iqoo,iQOO 9T 5G,47990,85,TRUE,snapdragon,4700,120,8,128,6.78,120,3,1,android,50,16,1080,2400
oneplus,OnePlus Nord 2 Lite 5G,22999,83,TRUE,snapdragon,5000,33,8,128,6.59,120,3,1,android,64,16,1080,2412
samsung,Samsung Galaxy S22 Ultra 5G (8GB RAM + 128GB),99990,,TRUE,snapdragon,5000,45,8,128,6.8,120,4,1,android,108,40,1440,3080
poco,POCO F4 GT 5G,39999,86,TRUE,snapdragon,4700,120,8,128,6.67,120,3,1,android,64,20,1080,2400
xiaomi,Xiaomi 11T Pro 5G (12GB RAM + 256GB),38999,88,TRUE,snapdragon,5000,120,12,256,6.67,120,3,1,android,108,16,1080,2400
samsung,Samsung Galaxy A83 5G,39990,86,TRUE,snapdragon,4500,25,6,128,6.71,120,3,1,android,64,10,1440,3200
asus,Asus ROG Phone 6,71999,86,TRUE,snapdragon,6000,65,12,256,6.78,165,3,1,android,50,12,1080,2448
realme,Realme X7 Max,26999,84,TRUE,dimensity,4500,50,8,128,6.43,120,3,1,android,64,16,1080,2400
realme,Realme 8 5G,16499,75,TRUE,dimensity,5000,18,4,128,6.5,90,3,1,android,48,16,1080,2400
oppo,OPPO A55 5G,17990,74,TRUE,dimensity,5000,,6,128,6.5,60,3,1,android,13,8,720,1600
xiaomi,Xiaomi Redmi 9,8999,68,FALSE,helio,5000,,4,64,6.53,60,2,1,android,13,5,720,1600
apple,Apple iPhone SE 2020,39900,63,FALSE,bionic,1821,18,3,64,4.7,60,1,1,ios,12,7,750,1334
oneplus,OnePlus Nord 5,34999,76,TRUE,dimensity,5000,120,8,128,6.57,120,3,1,android,64,32,1080,2400
oppo,OPPO Reno 9 Z,22990,84,TRUE,snapdragon,4800,33,8,128,6.58,120,3,1,android,50,32,1080,2400
infinix,Infinix Hot 12 Pro,10850,74,FALSE,tiger,5000,18,6,64,6.6,90,2,1,android,50,8,720,1612
realme,Realme Narzo 50 5G (4GB RAM + 64GB),13499,75,TRUE,dimensity,5000,33,4,64,6.6,90,3,1,android,48,16,1080,2400
oppo,OPPO A96 4G,17999,80,FALSE,snapdragon,5000,33,8,128,6.59,90,2,1,android,50,16,1080,2412
xiaomi,Xiaomi Redmi Note 11E 5G,13990,69,TRUE,dimensity,5000,18,4,128,6.58,90,2,1,android,50,5,1080,2408
infinix,Infinix Smart 6,7320,60,FALSE,helio,5000,,2,64,6.6,60,2,1,android,8,5,720,1600
realme,Realme C25Y (4GB RAM + 64GB),8999,69,FALSE,tiger,5000,18,4,64,6.5,60,3,1,android,50,8,1600,720
samsung,Samsung Galaxy A12 (6GB RAM + 128GB),13999,75,FALSE,helio,5000,15,6,128,6.5,60,4,1,android,48,8,720,1560
xiaomi,Xiaomi Redmi Note 10 Pro 5G,16999,83,TRUE,dimensity,5000,67,6,128,6.6,120,3,1,android,64,16,1080,2400
xiaomi,Xiaomi Mi 11X 5G (8GB RAM + 128GB),25990,83,TRUE,snapdragon,4520,33,8,128,6.67,120,3,1,android,48,20,1080,2400
xiaomi,Xiaomi Redmi Note 10 (6GB RAM + 128GB),16499,78,FALSE,snapdragon,5000,33,6,128,6.43,60,4,1,android,48,13,1080,2400
xiaomi,Xiaomi Redmi Note 10 Pro Max,19999,81,FALSE,snapdragon,5020,33,6,64,6.67,120,4,1,android,108,16,1080,2400
xiaomi,Xiaomi Mi 10T 5G,23500,80,TRUE,snapdragon,5000,33,6,128,6.67,144,3,1,android,64,20,2400,1080
motorola,Motorola One Fusion Plus,19499,80,FALSE,snapdragon,5000,18,6,128,6.5,60,4,1,android,64,16,1080,2340
samsung,Samsung Galaxy Note 10 Lite,39999,83,FALSE,exynos,4500,25,6,128,6.7,60,3,1,android,12,32,1080,2400
samsung,Samsung Galaxy Note 10 Plus 5G,92999,89,TRUE,exynos,4300,,12,256,6.8,60,4,1,android,12,10,1440,3040
iqoo,iQOO Neo 7 Racing Edition,32990,84,TRUE,snapdragon,5000,120,8,256,6.78,120,3,1,android,50,16,1080,2400
samsung,Samsung Galaxy A04s (4GB RAM + 128GB),14499,72,FALSE,exynos,5000,15,4,128,6.5,90,3,1,android,50,5,720,1600
xiaomi,Xiaomi Redmi Note 11R,12990,73,TRUE,dimensity,5000,18,4,128,6.58,90,2,1,android,13,5,1080,2400
poco,Poco M6 Pro,19990,84,TRUE,dimensity,5100,120,8,128,6.73,120,3,1,android,108,32,1080,2400
oppo,OPPO A97 5G,23990,79,TRUE,dimensity,5000,33,12,256,6.56,90,2,1,android,48,8,1080,2400
samsung,Samsung Galaxy A24,17999,77,FALSE,exynos,4000,15,6,64,6.4,60,3,1,android,48,16,1080,2408
infinix,Infinix Note 13 Pro,16999,80,FALSE,helio,5000,120,6,128,6.91,60,4,1,android,108,16,1080,2460
infinix,Infinix Smart 6 Plus,8299,63,FALSE,helio,5000,,3,64,6.82,60,2,1,android,8,5,720,1600
sony,Sony Xperia 5 IV 5G,82199,89,TRUE,snapdragon,5000,30,8,256,6.1,120,3,1,android,12,12,1080,2520
nubia,Nubia Z40 Pro 5G,49990,84,TRUE,snapdragon,5000,80,8,128,6.67,144,3,1,android,64,16,1080,2400
nokia,Nokia G21,11999,71,FALSE,unisoc,5050,18,4,64,6.5,90,3,1,android,50,8,720,1600
xiaomi,Xiaomi 12 Lite 5G,29990,82,TRUE,snapdragon,4300,67,6,128,6.55,120,3,1,android,108,32,1080,2400
oppo,Oppo Find N 5G,92249,,TRUE,snapdragon,4500,33,8,256,7.1,120,3,1,android,50,32,1792,1920
apple,Apple iPhone 13 Pro Max (256GB),139900,84,TRUE,bionic,4352,,6,256,6.7,120,3,1,ios,12,12,1284,2778
oppo,OPPO F19s,15988,79,FALSE,snapdragon,5000,33,6,128,6.43,60,3,1,android,48,16,1080,2400
samsung,Samsung Galaxy M21 2021,11725,76,FALSE,exynos,6000,15,4,64,6.4,60,3,1,android,48,20,1080,2340
oppo,OPPO F19 Pro,17994,80,FALSE,helio,4310,30,8,128,6.43,60,4,1,android,48,16,1080,2400
oppo,OPPO X 2021,134999,86,FALSE,snapdragon,4000,45,8,256,7.4,60,3,1,android,64,16,1440,3200
oneplus,OnePlus Nord N10,25595,81,TRUE,snapdragon,4300,30,6,128,6.49,90,4,1,android,64,16,1080,2400
poco,Poco M2,10890,74,FALSE,helio,5000,18,6,64,6.53,60,4,1,android,13,8,1080,2340
oppo,OPPO F17 Pro,18990,83,FALSE,helio,4015,30,8,128,6.43,60,4,2,android,48,16,1080,2400
motorola,Motorola Moto G 5G,19990,82,TRUE,snapdragon,5000,20,6,128,6.67,60,3,1,android,48,16,1080,2400
samsung,Samsung Galaxy A50s,15990,80,FALSE,exynos,4000,15,4,128,6.4,60,3,1,android,48,32,1080,2340
samsung,Samsung Galaxy Note 10 Plus,58999,89,FALSE,exynos,4300,45,12,256,6.8,60,4,1,android,12,10,1440,3040
asus,Asus ROG Phone 6D Ultimate,107990,,TRUE,dimensity,6000,65,16,512,6.78,165,3,1,android,50,12,1080,2448
motorola,Motorola Moto Edge 30 Neo,31990,84,TRUE,snapdragon,4020,68,8,128,6.28,120,2,1,android,64,32,1080,2400
xiaomi,Xiaomi 12T,48990,87,TRUE,dimensity,5000,120,8,128,6.67,120,3,1,android,108,20,1220,2712
realme,Realme C32,9499,65,FALSE,tiger,5000,,4,64,6.52,60,3,1,android,13,5,720,1600
iqoo,iQOO Z7 Pro 5G,24999,80,TRUE,snapdragon,5000,67,6,128,6.62,144,3,1,android,50,16,1080,2412
apple,Apple iPhone 15,82990,72,FALSE,bionic,3285,,6,128,6.06,60,2,1,ios,50,13,1170,2532
infinix,Infinix Note 11S (8GB RAM + 128GB),15999,79,FALSE,helio,5000,33,8,128,6.95,120,3,1,android,50,16,1080,2460
oppo,Oppo A56 5G,17990,73,TRUE,dimensity,5000,,6,128,6.5,60,2,1,android,13,8,720,1600
xiaomi,Xiaomi Redmi 10 Prime (6GB RAM + 128GB),12999,77,FALSE,helio,6000,18,6,128,6.5,90,4,1,android,50,8,1080,2400
xiaomi,Xiaomi Redmi K50 5G,27990,83,TRUE,dimensity,5500,67,8,128,6.67,120,3,1,android,48,20,1440,3200
nokia,Nokia C01 Plus,5249,,FALSE,unisoc,3000,,2,16,5.45,60,1,1,android,5,5,720,1440
realme,Realme Q3,14999,80,TRUE,snapdragon,5000,30,6,128,6.5,120,3,1,android,48,16,1080,2400
oppo,OPPO Reno 6 Pro Plus 5G,44990,87,TRUE,snapdragon,4500,65,8,128,6.55,90,4,1,android,50,32,1080,2400
motorola,Motorola Edge S,22490,87,TRUE,snapdragon,5000,20,6,128,6.7,90,4,2,android,64,16,1080,2520
oppo,Oppo Find X3 Pro,50990,,TRUE,snapdragon,4500,65,12,256,6.7,120,4,1,android,50,32,1440,3216
poco,Poco M3,11499,75,FALSE,snapdragon,6000,18,6,64,6.53,60,3,1,android,48,8,1080,2340
xiaomi,Xiaomi Mi 10T Pro 5G,29999,86,TRUE,snapdragon,5000,33,8,128,6.67,144,3,1,android,108,20,1080,2400
samsung,Samsung Galaxy S20 5G,74999,89,TRUE,exynos,4000,25,8,128,6.2,60,3,1,android,64,10,1440,3200
oppo,Oppo K5 (8GB RAM + 128GB),19990,82,FALSE,snapdragon,4000,30,8,128,6.4,60,4,1,android,64,32,1080,2340
realme,Realme XT,13279,75,FALSE,snapdragon,4000,20,4,64,6.4,60,4,1,android,64,16,1080,2340
xiaomi,Xiaomi Poco F1 (6GB RAM + 128GB),12999,78,FALSE,snapdragon,4000,,6,128,6.18,60,2,1,android,12,20,1080,2246
poco,Poco C50 (3GB RAM + 32GB),7299,61,FALSE,helio,5000,10,3,32,6.52,60,2,1,android,8,5,720,1600
xiaomi,Xiaomi Redmi K60 Gaming Edition,54990,86,TRUE,snapdragon,5000,67,8,128,6.73,120,3,1,android,50,20,1440,3200
apple,Apple iPhone SE 4,49990,60,TRUE,bionic,,,4,64,6.1,60,1,1,ios,12,10.8,750,1580
apple,Apple iPhone 14 Pro Max (512GB),169900,78,TRUE,bionic,4323,,6,512,6.7,120,3,1,ios,48,12,1290,2796
google,Google Pixel 8,53990,75,TRUE,google,4830,67,8,128,6.6,120,2,1,android,50,10.1,1080,2400
motorola,Motorola Moto G52 5G,16999,76,TRUE,snapdragon,5000,33,4,64,6.6,90,3,1,android,50,16,2460,1080
motorola,Motorola Edge 40 5G,34999,86,TRUE,snapdragon,4200,67,8,128,6.5,144,3,1,android,50,32,1080,2412
realme,Realme GT 2 Pro 5G (12GB RAM + 256GB),46999,89,TRUE,snapdragon,5000,65,12,256,6.7,120,3,1,android,50,32,1440,3216
samsung,Samsung Galaxy A03 (4GB RAM + 64GB),11499,69,FALSE,unisoc,5000,15,4,64,6.5,60,2,1,android,48,5,720,1560
samsung,Samsung Galaxy S22 Plus 5G (8GB RAM + 256GB),88999,88,TRUE,snapdragon,4500,45,8,256,6.6,120,3,1,android,50,10,1080,2340
xiaomi,Xiaomi 11i 5G (8GB RAM + 128GB),24990,83,TRUE,dimensity,5160,67,8,128,6.67,120,3,1,android,108,16,2400,1080
oppo,Oppo Find X5 Pro 5G,79990,,TRUE,snapdragon,5000,80,8,256,6.7,120,3,1,android,50,32,1440,3216
xiaomi,Xiaomi Redmi 9A Sport,6499,61,FALSE,helio,5000,,2,32,6.53,60,1,1,android,13,5,720,1600
apple,Apple iPhone 13 Pro Max (1TB),179900,86,TRUE,bionic,4352,,6,1024,6.7,120,3,1,ios,12,12,1284,2778
samsung,Samsung Galaxy F22 (6GB RAM + 128GB),13499,76,FALSE,helio,6000,,6,128,6.4,90,4,1,android,48,13,720,1600
xiaomi,Xiaomi 12 Ultra 5G,75999,,TRUE,snapdragon,4800,67,12,256,6.73,120,3,1,android,50,20,1440,3200
samsung,Samsung Galaxy A03s,8499,67,FALSE,helio,5000,15,3,32,6.5,60,3,1,android,13,5,720,1600
oppo,OPPO A54 (4GB RAM + 128GB),11990,71,FALSE,helio,5000,,4,128,6.51,60,3,1,android,13,16,1600,720
xiaomi,Xiaomi Redmi 20X,10990,77,TRUE,dimensity,5000,18,4,128,6.43,90,4,1,android,48,13,1080,2340
xiaomi,Xiaomi Mi Mix Fold,109990,,TRUE,snapdragon,5020,67,12,256,8.01,90,3,1,android,108,20,1860,2480
realme,Realme Narzo 30 5G,16999,80,TRUE,dimensity,5000,18,6,128,6.5,90,3,1,android,48,16,1080,2400
oppo,OPPO A54,12199,70,FALSE,helio,5000,,4,64,6.51,60,3,1,android,13,16,1600,720
oppo,Oppo A15s (4GB RAM + 128GB),11490,72,FALSE,helio,4230,,4,128,6.52,60,3,1,android,13,8,720,1600
xiaomi,Xiaomi Redmi 9 Power,11499,74,FALSE,snapdragon,6000,18,4,64,6.53,60,4,1,android,48,8,1080,2340
samsung,Samsung Galaxy S21 Plus,59450,88,TRUE,exynos,4800,25,8,128,6.7,120,3,1,android,64,10,1080,2400
poco,POCO M2 Pro,12799,76,FALSE,snapdragon,5000,33,4,64,6.67,60,4,1,android,48,16,1080,2400
samsung,Samsung Galaxy S20 Plus,83000,88,FALSE,exynos,4500,25,8,128,6.7,120,4,1,android,64,10,1440,3200
realme,Realme 6 Pro,14490,80,FALSE,snapdragon,4300,30,6,64,6.6,90,4,2,android,64,16,1080,2400
samsung,Samsung Galaxy S9 Plus (128GB),34999,78,FALSE,exynos,3500,,6,128,6.2,60,2,1,android,12,8,1440,2960
realme,Realme GT Neo 4T,29999,80,TRUE,snapdragon,5000,120,8,128,6.73,144,3,1,android,50,16,1080,2400
samsung,Samsung Galaxy A04 (4GB RAM + 128GB),12999,72,FALSE,helio,5000,,4,128,6.5,60,2,1,android,50,5,720,1600
xiaomi,Xiaomi Redmi K60i,28999,85,TRUE,dimensity,5080,120,8,128,6.67,120,3,1,android,50,32,1080,2460
infinix,Infinix Hot 20S,12999,77,FALSE,helio,5000,18,8,128,6.78,60,2,1,android,50,8,1080,2460
realme,Realme GT Neo 3T (8GB RAM + 256GB),28499,82,TRUE,snapdragon,5000,80,8,256,6.62,120,3,1,android,64,16,1080,2400
apple,Apple iPhone 14 Plus (512GB),104999,83,TRUE,bionic,4325,,6,512,6.7,60,2,1,ios,12,12,1284,2778
apple,Apple iPhone 14 Pro (1TB),172999,77,TRUE,bionic,3200,,6,1024,6.1,120,3,1,ios,48,12,1179,2556
xiaomi,Xiaomi Redmi 13 Prime 5G,17990,79,TRUE,snapdragon,5100,18,6,128,6.73,120,2,1,android,64,16,1080,2408
xiaomi,Xiaomi Redmi 11 Prime (6GB RAM + 128GB),13774,76,FALSE,helio,5000,18,6,128,6.58,90,3,1,android,50,8,1080,2400
nokia,Nokia C21 Plus (4GB RAM + 64GB),8999,64,FALSE,unisoc,5050,,4,64,6.52,60,2,1,android,13,5,720,1600
oneplus,OnePlus Nord N300,18990,75,TRUE,dimensity,5000,33,4,64,6.56,90,2,1,android,48,16,720,1612
realme,Realme Narzo 50i Prime,7999,61,FALSE,tiger,5000,10,3,32,6.5,60,1,1,android,8,5,720,1600
xiaomi,Xiaomi Redmi K50 Ultra 5G,39999,85,TRUE,snapdragon,5000,120,8,128,6.67,144,3,1,android,108,20,1220,2712
oppo,OPPO A57 4G,11990,67,FALSE,helio,5000,33,3,64,6.56,60,2,1,android,13,8,720,1612
infinix,Infinix Note 12 (6GB RAM + 128GB),12999,77,FALSE,helio,5000,33,6,128,6.7,60,3,1,android,50,16,2400,1080
samsung,Samsung Galaxy S23 FE 5G,54999,77,TRUE,exynos,4500,,8,128,6.5,60,4,1,android,64,32,1080,2400
samsung,Samsung Galaxy M51s 5G,24990,72,TRUE,exynos,6000,,6,128,6.7,60,3,1,android,64,32,1080,2400
poco,Poco X6 Pro 5G,19999,72,TRUE,snapdragon,5000,,6,128,6.67,120,4,1,android,64,32,1080,2400
infinix,Infinix Note 12 (G96),16999,79,FALSE,helio,5000,33,8,128,6.7,60,3,1,android,50,16,1080,2400
samsung,Samsung Galaxy M14,14999,60,FALSE,exynos,6000,,4,64,6.5,60,3,1,android,48,8,720,1600
xiaomi,Xiaomi Redmi 10 Prime Plus 5G,13990,69,TRUE,dimensity,5000,18,4,128,6.58,90,2,1,android,50,5,1080,2408
xiaomi,Xiaomi Redmi Note 11 Pro 4G,17999,81,FALSE,helio,5000,67,6,128,6.67,120,4,1,android,108,16,1080,2400
realme,Realme Narzo 50A Prime,11399,73,FALSE,tiger,5000,18,4,64,6.6,60,3,1,android,50,8,1080,2408
xiaomi,Xiaomi Redmi Note 10 Lite (4GB RAM + 128GB),12499,77,FALSE,snapdragon,5020,18,4,128,6.67,60,4,1,android,48,16,1080,2400
apple,Apple iPhone 13 (512GB),91999,80,TRUE,bionic,3240,,4,512,6.1,60,2,1,ios,12,12,1170,2532
infinix,Infinix Hot 11S,9690,71,FALSE,helio,5000,,4,64,6.78,90,3,1,android,50,8,1080,2480
realme,Realme GT Explorer Master Edition,32990,85,TRUE,snapdragon,4500,65,8,128,6.55,120,3,1,android,50,32,1080,2400
xiaomi,Xiaomi Mi 12 5G,42990,87,TRUE,snapdragon,4500,67,8,128,6.28,120,3,1,android,50,32,1080,2400
xiaomi,Xiaomi Mi 11 Lite (8GB RAM + 128GB),18699,82,FALSE,snapdragon,4250,33,8,128,6.55,90,3,1,android,64,16,1080,2400
realme,Realme Q3i 5G,10990,76,TRUE,dimensity,5000,18,4,128,6.5,60,3,1,android,48,16,1080,2400
xiaomi,Xiaomi Mi 11X Pro,30990,85,TRUE,snapdragon,4520,33,8,128,6.67,120,3,1,android,108,20,1080,2400
lenovo,Lenovo Legion Pro 2,59999,89,TRUE,snapdragon,5000,120,16,512,6.5,144,2,1,android,64,20,1080,2400
samsung,Samsung Galaxy M62,23999,83,FALSE,exynos,7000,,6,128,6.71,60,4,1,android,64,32,1080,2400
realme,Realme Q2i,9999,69,TRUE,dimensity,5000,18,4,128,6.5,60,3,1,android,13,8,720,1600
apple,Apple iPhone 12 Pro (256GB),119900,80,TRUE,bionic,,,6,256,6.1,60,3,1,ios,12,12,1170,2532
xiaomi,Xiaomi Redmi 9i (4GB RAM + 128GB),9299,67,FALSE,helio,5000,10,4,128,6.53,60,1,1,android,13,5,720,1600
realme,Realme 6 (6GB RAM + 64GB),12989,77,FALSE,helio,4300,30,6,64,6.5,90,4,1,android,64,16,1080,2400
samsung,Samsung Galaxy A01 Core,4999,,FALSE,mediatek,3000,,1,16,5.3,60,1,1,android,8,5,720,1480
oppo,Oppo Reno 5,29990,83,TRUE,snapdragon,4300,65,8,128,6.43,60,4,1,android,64,32,1080,2400
oppo,Oppo A31 2020 (6GB RAM + 128GB),12490,72,FALSE,helio,4230,,6,128,6.5,60,3,1,android,12,8,720,1600
sony,Sony Xperia 10 II,27999,75,FALSE,snapdragon,3600,18,4,128,6,90,3,1,android,12,8,1080,2520
xiaomi,Xiaomi Redmi Note 9,11989,75,FALSE,helio,5020,22,4,64,6.53,60,4,1,android,48,13,1080,2340
xiaomi,Xiaomi Redmi 8 (4GB RAM + 64GB),11490,66,FALSE,snapdragon,5000,18,4,64,6.22,60,2,1,android,12,8,720,1520
motorola,Motorola One Macro,11490,68,FALSE,helio,4000,10,4,64,6.2,60,3,1,android,13,8,720,1520
google,Google Pixel 3a XL,15999,67,FALSE,snapdragon,3700,18,4,64,6,60,1,1,android,12.2,8,1080,2160
samsung,Samsung Galaxy A40,17990,69,FALSE,exynos,3100,15,4,64,5.9,60,2,1,android,16,25,1080,2340
samsung,Samsung Galaxy S10 5G,78990,86,TRUE,exynos,4500,25,8,256,6.7,60,3,1,android,16,10,1440,3040
xiaomi,Xiaomi Redmi Note 4,10300,65,FALSE,snapdragon,4100,,4,64,5.5,60,1,1,android,13,5,1080,1920
iqoo,iQOO Z9,19990,76,TRUE,snapdragon,5000,45,8,128,6.67,120,3,1,android,64,16,1080,2412
poco,Poco M5 (6GB RAM + 128GB),14499,77,FALSE,helio,5000,18,6,128,6.58,90,3,1,android,50,8,1080,2400
nokia,Nokia X30,41990,85,TRUE,snapdragon,4200,33,6,128,6.43,90,2,1,android,50,16,1080,2400
samsung,Samsung Galaxy A92 5G,47990,80,TRUE,dimensity,5000,,8,128,6.7,60,3,1,android,48,16,1080,2400
infinix,Infinix Note 12 VIP,19999,84,FALSE,helio,4500,120,8,128,6.7,120,3,1,android,108,16,1080,2400
oneplus,OnePlus Nord 4 5G,29999,83,TRUE,snapdragon,4500,80,8,128,6.43,120,3,1,android,50,32,1080,2412
realme,Realme Narzo 50A Prime (4GB RAM + 128GB),11879,74,FALSE,tiger,5000,18,4,128,6.6,60,3,1,android,50,8,1080,2408
oneplus,OnePlus Ace 5G,28990,84,TRUE,dimensity,4500,150,8,128,6.7,120,3,1,android,50,16,1080,2412
iqoo,iQOO 9 5G (12GB RAM + 256GB),39990,85,TRUE,snapdragon,4350,120,12,256,6.56,120,3,1,android,48,16,1080,2376
xiaomi,Xiaomi Redmi Note 12T 5G,15999,78,TRUE,dimensity,5000,33,6,64,6.52,90,3,1,android,64,16,1080,2400
oppo,Oppo A96 5G,22990,82,TRUE,snapdragon,4500,33,8,256,6.43,60,2,1,android,48,16,1080,2400
realme,Realme GT Neo2 5G,31999,82,TRUE,snapdragon,5000,65,8,128,6.62,120,3,1,android,64,16,2400,1080
sony,Sony Xperia 10 III Lite 5G,30990,78,TRUE,snapdragon,4500,30,6,64,6,60,3,1,android,12,8,1080,2520
realme,Realme G1,7999,64,FALSE,helio,6000,,3,32,6.52,60,3,1,android,13,5,720,1600
poco,Poco X4,14990,79,TRUE,dimensity,5000,67,6,128,6.67,120,3,1,android,50,16,1080,2400
motorola,Motorola Moto G40 Fusion,14499,77,FALSE,snapdragon,6000,20,4,64,6.78,120,3,1,android,64,16,1080,2460
oneplus,OnePlus 9T,44999,86,TRUE,snapdragon,4500,65,8,128,6.55,120,4,1,android,108,16,1080,2400
realme,Realme 8 (8GB RAM + 128GB),17999,83,FALSE,helio,5000,30,8,128,6.4,60,4,1,android,64,16,1080,2400
realme,Realme Narzo 30 Pro 5G (8GB RAM +128GB),19999,83,TRUE,dimensity,5000,30,8,128,6.5,120,3,1,android,48,16,1080,2400
samsung,Samsung Galaxy S21 Ultra 5G (12GB RAM + 128GB),101999,,TRUE,exynos,5000,25,12,128,6.8,120,4,1,android,108,40,1440,3200
oppo,Oppo Reno 5 Pro 5G,38700,84,TRUE,dimensity,4350,65,8,128,6.53,90,4,1,android,64,32,1080,2400
oneplus,OnePlus Nord SE,19999,73,FALSE,snapdragon,4500,65,4,64,6.3,60,4,1,android,48,13,1080,2400
samsung,Samsung Galaxy M12,10999,72,FALSE,exynos,6000,15,4,64,6.5,90,4,1,android,48,8,720,1600
oneplus,OnePlus Nord N100,16990,68,FALSE,snapdragon,5000,18,4,64,6.52,90,3,1,android,13,8,720,1600
apple,Apple iPhone 12 Mini (256GB),55999,75,TRUE,bionic,,,4,256,5.4,60,2,1,ios,12,12,1080,2340
apple,Apple iPhone 12 (256GB),67999,76,TRUE,bionic,,,4,256,6.1,60,2,1,ios,12,12,1170,2532
oppo,OPPO A15,9999,66,FALSE,helio,4230,,3,32,6.52,60,3,1,android,13,5,720,1600
xiaomi,Xiaomi Redmi Note 9 Pro (4GB RAM + 128GB),14439,77,FALSE,snapdragon,5020,18,4,128,6.67,60,4,1,android,48,16,1080,2400
oppo,Oppo A12,9990,64,FALSE,helio,4230,,3,32,6.22,60,2,1,android,13,5,1520,720
realme,Realme X50 Pro 5G (8GB RAM + 128GB),24999,85,TRUE,snapdragon,4200,65,8,128,6.44,90,4,2,android,64,32,1080,2400
samsung,Samsung Galaxy S20 Plus 5G,85990,,TRUE,exynos,4500,25,8,128,6.7,60,4,1,android,64,10,1440,3200
xiaomi,Xiaomi Redmi K20 Pro Signature Edition,480000,88,FALSE,snapdragon,4000,27,8,256,6.39,60,3,1,android,48,20,1080,2340
xiaomi,Xiaomi Redmi Note 8 Pro,16999,78,FALSE,helio,4500,18,6,64,6.53,60,4,1,android,64,20,1080,2340
realme,Realme A1,8999,,FALSE,helio,4000,,2,16,6.2,60,2,1,android,13,8,720,1520
oppo,OPPO A73,15990,62,FALSE,helio,3200,,3,32,6,60,1,1,android,13,16,1080,2160
apple,Apple iPhone 15 Plus,84990,75,TRUE,bionic,4532,,8,128,6.71,120,2,1,ios,12,12,1284,2778
oppo,OPPO Reno 8 House of Dragon Edition,32990,84,TRUE,dimensity,4500,80,8,128,6.43,90,3,1,android,50,32,1080,2400
motorola,Motorola Moto E22s,9022,70,FALSE,helio,5000,10,4,64,6.5,90,2,1,android,16,8,720,1600
xiaomi,Xiaomi Redmi A1 Plus (3GB RAM + 32GB),8399,61,FALSE,helio,5000,10,3,32,6.52,60,2,1,android,8,5,720,1600
infinix,Infinix Hot 20i,9999,64,FALSE,helio,5000,,3,64,6.6,60,2,1,android,13,8,720,1612
xiaomi,Xiaomi Civi 2,29999,85,TRUE,snapdragon,4500,67,8,128,6.55,120,3,2,android,50,32,1080,2400
samsung,Samsung Galaxy Z Fold 4 (12GB RAM + 1TB),163980,,TRUE,snapdragon,4400,25,12,1024,7.6,120,3,2,android,50,10,1812,2176
nothing,Nothing Phone 1 Lite,24990,80,TRUE,snapdragon,5000,33,6,128,6.55,120,2,1,android,50,16,1080,2400
motorola,Motorola Moto Edge X30 Pro,59990,,TRUE,snapdragon,4450,125,8,128,6.67,144,3,1,android,200,60,1080,2340
oneplus,OnePlus Ace Pro,47990,86,TRUE,snapdragon,4800,150,12,256,6.7,120,3,1,android,50,16,1080,2412
realme,Realme GT 2 Explorer Master Edition,40990,86,TRUE,snapdragon,5000,100,8,128,6.7,120,3,1,android,50,16,1080,2412
samsung,Samsung Galaxy M35,22999,74,FALSE,exynos,6000,,8,128,6.5,60,3,1,android,64,32,1080,2400
samsung,Samsung Galaxy A05,12990,63,FALSE,exynos,5000,18,4,64,6.5,60,2,1,android,48,5,720,1560
infinix,Infinix Note 12 Turbo,14999,79,FALSE,helio,5000,33,8,128,6.7,60,3,1,android,50,16,2400,1080
poco,POCO F5 GT 5G,42999,86,TRUE,dimensity,4500,150,8,128,6.67,120,3,1,android,64,20,1080,2412
iqoo,iQOO Z8 5G,14999,78,TRUE,snapdragon,5000,18,4,128,6.58,120,3,1,android,50,16,1080,2412
oppo,Oppo K10 Pro 5G,29990,81,TRUE,snapdragon,5000,80,8,128,6.62,120,3,1,android,50,16,1080,2400
iqoo,iQOO Z7 5G,17999,80,TRUE,snapdragon,4200,55,8,128,6.67,120,3,1,android,50,16,1080,2400
infinix,Infinix Note 11 (6GB RAM + 128GB),12799,77,FALSE,helio,5000,33,6,128,6.7,60,3,1,android,50,16,1080,2400
xiaomi,Xiaomi 11i HyperCharge 5G (8GB RAM + 128GB),26999,86,TRUE,dimensity,4500,120,8,128,6.67,120,3,1,android,108,16,2400,1080
samsung,Samsung Galaxy F42 5G (8GB RAM + 128GB),22999,82,TRUE,dimensity,5000,15,8,128,6.6,90,3,1,android,64,8,1080,2408
apple,Apple iPhone 13 Pro (1TB),147900,84,TRUE,bionic,3095,,6,1024,6.1,120,3,1,ios,12,12,1170,2532
nubia,Nubia Red Magic 6S 5G,44999,84,TRUE,snapdragon,5050,30,8,128,6.8,165,3,1,android,64,8,1080,2400
nokia,Nokia X60 5G,39990,87,TRUE,snapdragon,6000,33,6,128,6.51,144,4,1,other,200,16,1080,2400
oppo,Oppo Reno 5A,22990,80,TRUE,snapdragon,4000,18,6,128,6.5,90,4,1,android,64,16,1080,2400
poco,Poco F3 GT,32999,79,TRUE,dimensity,5065,67,6,128,6.67,120,3,1,android,64,16,1080,2400
oppo,OPPO A54 (6GB RAM + 128GB),14999,74,FALSE,helio,5000,,6,128,6.51,60,3,1,android,13,16,1600,720
realme,Realme 8i,12499,74,FALSE,helio,5000,18,4,64,6.6,120,3,1,android,50,16,1080,2412
iqoo,iQOO 7 Legend,39990,84,TRUE,snapdragon,4000,66,8,128,6.62,120,3,1,android,48,16,1080,2400
realme,Realme C11 2021,6499,61,FALSE,sc9863a,5000,,2,32,6.52,60,1,1,android,8,5,720,1600
samsung,Samsung Galaxy A22,18499,76,FALSE,helio,5000,15,6,128,6.4,60,4,1,android,48,13,720,1600
realme,Realme GT 5G,30994,85,TRUE,snapdragon,4500,65,8,128,6.43,120,3,1,android,64,16,1080,2400
google,Google Pixel 5A,32999,78,TRUE,snapdragon,4620,18,6,128,6.34,60,2,1,android,16,8,1080,2400
samsung,Samsung Galaxy F12,10499,73,FALSE,exynos,6000,15,4,64,6.5,90,4,1,android,48,8,720,1600
samsung,Samsung Galaxy F41 (6GB RAM + 128GB),19999,82,FALSE,exynos,6000,15,6,128,6.4,60,3,1,android,64,32,1080,2340
samsung,Samsung Galaxy A21s (6GB RAM + 128GB),17499,75,FALSE,exynos,5000,,6,128,6.5,60,4,1,android,48,13,720,1600
xiaomi,Xiaomi Redmi 9A (6GB RAM + 128GB),10990,69,FALSE,helio,5000,,6,128,6.53,60,1,1,android,13,5,720,1600
oppo,OPPO A53 2020 (6GB RAM + 128GB),13990,70,FALSE,snapdragon,5000,18,6,128,6.5,90,3,1,android,13,16,1600,720
realme,Realme Narzo 20,10499,72,FALSE,helio,6000,18,4,64,6.5,60,3,1,android,48,8,720,1600
realme,Realme C11,6490,61,FALSE,helio,5000,,2,32,6.5,60,2,1,android,13,5,720,1600
xiaomi,Xiaomi Mi 10 5G (8GB RAM + 256GB),54999,88,TRUE,snapdragon,4780,30,8,256,6.67,90,4,1,android,108,20,1080,2340
oneplus,OnePlus Z,24999,79,FALSE,snapdragon,4300,30,8,128,6.55,90,3,1,android,64,16,1080,2400
samsung,Samsung Galaxy A11,9990,63,FALSE,exynos,4000,15,2,32,6.4,60,3,1,android,13,8,720,1560
realme,Realme C2,6999,,FALSE,helio,4000,,2,16,6.1,60,2,1,android,13,5,1560,720
samsung,Samsung Galaxy A9 Pro (2019),39990,78,FALSE,snapdragon,3400,,6,128,6.4,60,3,1,android,24,24,1080,2340
samsung,Samsung Galaxy A7 (2018),21490,70,FALSE,exynos,3300,,4,64,6,60,3,1,android,24,24,2220,1080
poco,Poco C55,7999,70,FALSE,helio,5000,,4,64,6.71,60,2,1,android,50,5,720,1650
oppo,OPPO A58x,13990,72,TRUE,dimensity,5000,10,6,128,6.56,90,2,1,android,13,8,720,1612
motorola,Motorola Edge 40 Fusion,42990,87,TRUE,snapdragon,4500,68,8,128,6.67,144,3,1,android,50,32,1080,2400
xiaomi,Xiaomi 14,54999,89,TRUE,snapdragon,5000,67,12,256,6.43,120,3,1,android,50,32,1440,3200
motorola,Motorola ThinkPhone,49990,89,TRUE,snapdragon,5000,68,8,128,6.6,144,3,2,android,50,32,1080,2400
xiaomi,Xiaomi Civi 3,32990,86,TRUE,dimensity,5000,80,8,256,6.7,120,3,2,android,64,32,1080,2400
realme,Realme Narzo 50i Prime (4GB RAM + 64GB),8720,64,FALSE,tiger,5000,10,4,64,6.5,60,1,1,android,8,5,720,1600
oppo,Oppo Find X6,69990,89,TRUE,snapdragon,4700,120,8,256,6.73,120,3,1,android,50,32,1080,2400
google,Google Pixel 8 Pro,70990,80,TRUE,google,5000,67,12,256,6.73,120,3,1,android,50,12,1440,3120
motorola,Motorola Moto Edge S30 Pro,34990,83,TRUE,snapdragon,5000,68,8,128,6.67,120,3,1,android,64,16,1080,2460
poco,POCO X4 GT 5G (8GB RAM + 256GB),28990,85,TRUE,dimensity,5080,67,8,256,6.6,144,3,1,android,64,16,1080,2460
motorola,Motorola Moto G91 5G,19990,80,TRUE,snapdragon,5000,,6,128,6.8,60,3,1,android,108,32,1080,2400
samsung,Samsung Galaxy M52s 5G,24990,74,TRUE,exynos,5000,,8,128,6.5,60,3,1,android,64,32,1080,2400
